<?xml version = '1.0' encoding = 'UTF-8'?>
<FKIndexAssociation class="oracle.dbtools.crest.model.design.relational.FKIndexAssociation" directorySegmentName="seg_0" id="06EE1442-8E6B-0AF9-36AA-F4712D00AD2F" containerWithKeyObject="75A68F3B-CCEF-CC79-5252-886F37D2EED1" localFKIndex="9C80558A-2572-3B2F-1875-50CE45E7877E" name="ADM_PRO_DOCTOR_FKv2">
<createdBy>deepa</createdBy>
<createdTime>2019-05-01 03:40:57 UTC</createdTime>
<generatorID>E382D82E-C4CA-0FC7-ECA6-B42D6620D6EC</generatorID>
<ownerDesignName>mh_oraclemodel</ownerDesignName>
<referredTableLongName>DOCTOR</referredTableLongName>
<deleteRule>NO ACTION</deleteRule>
<referredTableID>AEE64A7C-65C7-CCA5-9FC5-1E9D223B9DBF</referredTableID>
<keyObject>6D2CE586-0012-74DF-FB4F-44475C1D7AC9</keyObject>
<referredKeyID>6D2CE586-0012-74DF-FB4F-44475C1D7AC9</referredKeyID>
<mandatory>true</mandatory>
<refColNames>doctor_id</refColNames>
<transferable>true</transferable>
<rely>false</rely>
<columnDependencyConstraintGenerateInDDL>true</columnDependencyConstraintGenerateInDDL>
</FKIndexAssociation>