<?xml version = '1.0' encoding = 'UTF-8'?>
<FKIndexAssociation class="oracle.dbtools.crest.model.design.relational.FKIndexAssociation" directorySegmentName="seg_0" id="0CBA388E-E5E3-E69E-008C-3A71B3FD3048" containerWithKeyObject="41B40529-0946-2628-2F29-EA927F36671E" localFKIndex="3E34B4BB-48A4-503E-1E66-51D5557C7BA7" name="BED_WARD_FK">
<createdBy>deepa</createdBy>
<createdTime>2019-05-01 03:40:57 UTC</createdTime>
<generatorID>F4020668-5BA8-100C-83BD-4F3255246D4F</generatorID>
<ownerDesignName>mh_oraclemodel</ownerDesignName>
<referredTableLongName>WARD</referredTableLongName>
<deleteRule>NO ACTION</deleteRule>
<referredTableID>DA4B9FAB-72D5-2967-0418-884479B222DE</referredTableID>
<keyObject>AB5C567E-20F0-0F25-45CC-D59F58D8A8D8</keyObject>
<referredKeyID>AB5C567E-20F0-0F25-45CC-D59F58D8A8D8</referredKeyID>
<mandatory>true</mandatory>
<refColNames>ward_code</refColNames>
<transferable>true</transferable>
<rely>false</rely>
<columnDependencyConstraintGenerateInDDL>true</columnDependencyConstraintGenerateInDDL>
</FKIndexAssociation>