<?xml version = '1.0' encoding = 'UTF-8'?>
<FKIndexAssociation class="oracle.dbtools.crest.model.design.relational.FKIndexAssociation" directorySegmentName="seg_0" id="1FE7491B-A49B-E48D-6026-EC104C933CDF" containerWithKeyObject="AD3B8722-DC49-1896-88DF-6BF9665B7EFE" localFKIndex="704D7CE3-6670-7A0A-CEAF-4F2238AFC0CA" name="DOC_SPEC_SPEC_FK">
<createdBy>deepa</createdBy>
<createdTime>2019-05-01 03:40:57 UTC</createdTime>
<generatorID>B48E43D5-227E-65B9-075D-136C17A27475</generatorID>
<ownerDesignName>mh_oraclemodel</ownerDesignName>
<referredTableLongName>SPEC</referredTableLongName>
<deleteRule>NO ACTION</deleteRule>
<referredTableID>14C51E14-817D-B8F2-8549-2E8CF25CCCA1</referredTableID>
<keyObject>3B154535-AB98-9490-5898-928DC954E6A0</keyObject>
<referredKeyID>3B154535-AB98-9490-5898-928DC954E6A0</referredKeyID>
<mandatory>true</mandatory>
<refColNames>specialisation</refColNames>
<transferable>true</transferable>
<rely>false</rely>
<columnDependencyConstraintGenerateInDDL>true</columnDependencyConstraintGenerateInDDL>
</FKIndexAssociation>