<?xml version = '1.0' encoding = 'UTF-8'?>
<FKIndexAssociation class="oracle.dbtools.crest.model.design.relational.FKIndexAssociation" directorySegmentName="seg_0" id="696C5AA6-4252-47C7-A5B8-6982A47AB475" containerWithKeyObject="EFBFABE3-A0F2-F8C6-6832-2822042236A4" localFKIndex="6F422779-6390-43A4-1631-4B1064968EB9" name="ITEM_REQ_ADM_PRO_FK">
<createdBy>deepa</createdBy>
<createdTime>2019-05-01 03:40:57 UTC</createdTime>
<generatorID>2B61C81D-C867-6725-34E9-1EB7590A5388</generatorID>
<ownerDesignName>mh_oraclemodel</ownerDesignName>
<referredTableLongName>ADM_PRO</referredTableLongName>
<deleteRule>NO ACTION</deleteRule>
<referredTableID>75A68F3B-CCEF-CC79-5252-886F37D2EED1</referredTableID>
<keyObject>69246EAE-7724-2E97-4CE8-DF5EE927CCA6</keyObject>
<referredKeyID>69246EAE-7724-2E97-4CE8-DF5EE927CCA6</referredKeyID>
<mandatory>true</mandatory>
<refColNames>adm_pro_num</refColNames>
<transferable>true</transferable>
<rely>false</rely>
<columnDependencyConstraintGenerateInDDL>true</columnDependencyConstraintGenerateInDDL>
</FKIndexAssociation>