<?xml version = '1.0' encoding = 'UTF-8'?>
<FKIndexAssociation class="oracle.dbtools.crest.model.design.relational.FKIndexAssociation" directorySegmentName="seg_0" id="71BBB5C1-038F-4833-506E-12B1D083A6E0" containerWithKeyObject="7BE30686-E3B8-65FD-6E58-94EAE0821033" localFKIndex="5AE1B87C-A3F9-7713-354E-73BDB29A29D9" name="BED_ASSIGN_BED_FK">
<createdBy>deepa</createdBy>
<createdTime>2019-05-01 03:40:57 UTC</createdTime>
<generatorID>5819D9D3-83A9-FB02-1EDC-6F1B540CAAA9</generatorID>
<ownerDesignName>mh_oraclemodel</ownerDesignName>
<referredTableLongName>BED</referredTableLongName>
<deleteRule>NO ACTION</deleteRule>
<referredTableID>41B40529-0946-2628-2F29-EA927F36671E</referredTableID>
<keyObject>2D40187E-6080-BCE8-3F76-215F2A78B03C</keyObject>
<referredKeyID>2D40187E-6080-BCE8-3F76-215F2A78B03C</referredKeyID>
<mandatory>true</mandatory>
<refColNames>ward_code,bed_number</refColNames>
<transferable>true</transferable>
<rely>false</rely>
<columnDependencyConstraintGenerateInDDL>true</columnDependencyConstraintGenerateInDDL>
</FKIndexAssociation>