<?xml version = '1.0' encoding = 'UTF-8'?>
<FKIndexAssociation class="oracle.dbtools.crest.model.design.relational.FKIndexAssociation" directorySegmentName="seg_0" id="7B5E1B19-9CD9-3977-957C-073B71D9D1AF" containerWithKeyObject="8C02A13A-52DC-5BC3-A3EC-97306C4058B5" localFKIndex="903EC229-3543-F5C3-08C3-5BE99A933DA1" name="ITEM_COST_CENTRE_FK">
<createdBy>deepa</createdBy>
<createdTime>2019-05-01 03:40:57 UTC</createdTime>
<generatorID>06C0A7B9-160E-12F6-D46A-8A8552EE20F6</generatorID>
<ownerDesignName>mh_oraclemodel</ownerDesignName>
<referredTableLongName>COST_CENTRE</referredTableLongName>
<deleteRule>NO ACTION</deleteRule>
<referredTableID>1A8990F5-E544-F3CC-D148-A67F8E433C19</referredTableID>
<keyObject>58C5D03B-A125-4D29-89B4-607AC3591552</keyObject>
<referredKeyID>58C5D03B-A125-4D29-89B4-607AC3591552</referredKeyID>
<mandatory>true</mandatory>
<refColNames>cost_centre_code</refColNames>
<transferable>true</transferable>
<rely>false</rely>
<columnDependencyConstraintGenerateInDDL>true</columnDependencyConstraintGenerateInDDL>
</FKIndexAssociation>