<?xml version = '1.0' encoding = 'UTF-8'?>
<FKIndexAssociation class="oracle.dbtools.crest.model.design.relational.FKIndexAssociation" directorySegmentName="seg_0" id="8CDBB089-732F-594F-DEA7-2404719C37B6" containerWithKeyObject="B15488C2-FB89-B6E4-B7D4-0A950B5205A5" localFKIndex="940FF470-0940-AAA5-B844-F32B4EA729AE" name="ADM_DOCTOR_FK">
<createdBy>deepa</createdBy>
<createdTime>2019-05-01 03:40:57 UTC</createdTime>
<generatorID>34BE37CA-3F74-E045-CCEE-8D5CC81AA2D2</generatorID>
<ownerDesignName>mh_oraclemodel</ownerDesignName>
<referredTableLongName>DOCTOR</referredTableLongName>
<deleteRule>NO ACTION</deleteRule>
<referredTableID>AEE64A7C-65C7-CCA5-9FC5-1E9D223B9DBF</referredTableID>
<keyObject>6D2CE586-0012-74DF-FB4F-44475C1D7AC9</keyObject>
<referredKeyID>6D2CE586-0012-74DF-FB4F-44475C1D7AC9</referredKeyID>
<mandatory>true</mandatory>
<refColNames>doctor_id</refColNames>
<transferable>true</transferable>
<rely>false</rely>
<columnDependencyConstraintGenerateInDDL>true</columnDependencyConstraintGenerateInDDL>
</FKIndexAssociation>