<?xml version = '1.0' encoding = 'UTF-8'?>
<FKIndexAssociation class="oracle.dbtools.crest.model.design.relational.FKIndexAssociation" directorySegmentName="seg_0" id="927F1A63-BE4F-70AC-4B8E-420C8412A377" containerWithKeyObject="75A68F3B-CCEF-CC79-5252-886F37D2EED1" localFKIndex="59256B59-F890-1AE6-3FA0-0640E8941C6B" name="ADM_PRO_PROCEDURE_FK">
<createdBy>deepa</createdBy>
<createdTime>2019-05-01 03:40:57 UTC</createdTime>
<generatorID>A13EB9B4-8C55-EE6E-226E-1F3DB67499A5</generatorID>
<ownerDesignName>mh_oraclemodel</ownerDesignName>
<referredTableLongName>PROCEDURE</referredTableLongName>
<deleteRule>NO ACTION</deleteRule>
<referredTableID>9AF5887B-22EB-4230-7E13-A7016966D724</referredTableID>
<keyObject>ADD76858-06DB-7EA5-AA28-8B8E7462CE46</keyObject>
<referredKeyID>ADD76858-06DB-7EA5-AA28-8B8E7462CE46</referredKeyID>
<mandatory>true</mandatory>
<refColNames>procedure_code</refColNames>
<transferable>true</transferable>
<rely>false</rely>
<columnDependencyConstraintGenerateInDDL>true</columnDependencyConstraintGenerateInDDL>
</FKIndexAssociation>