<?xml version = '1.0' encoding = 'UTF-8'?>
<FKIndexAssociation class="oracle.dbtools.crest.model.design.relational.FKIndexAssociation" directorySegmentName="seg_0" id="A873231A-C926-F695-9414-BD83A6EEC1C2" containerWithKeyObject="75A68F3B-CCEF-CC79-5252-886F37D2EED1" localFKIndex="27112FC8-8A95-4BB5-E966-06BEEF5EE2E8" name="ADM_PRO_DOCTOR_FK">
<createdBy>deepa</createdBy>
<createdTime>2019-05-01 03:40:57 UTC</createdTime>
<generatorID>AB5850D1-57B9-E9C7-7AC0-39A731E6CDA1</generatorID>
<ownerDesignName>mh_oraclemodel</ownerDesignName>
<referredTableLongName>DOCTOR</referredTableLongName>
<deleteRule>NO ACTION</deleteRule>
<referredTableID>AEE64A7C-65C7-CCA5-9FC5-1E9D223B9DBF</referredTableID>
<keyObject>6D2CE586-0012-74DF-FB4F-44475C1D7AC9</keyObject>
<referredKeyID>6D2CE586-0012-74DF-FB4F-44475C1D7AC9</referredKeyID>
<mandatory>false</mandatory>
<refColNames>doctor_id</refColNames>
<transferable>true</transferable>
<rely>false</rely>
<columnDependencyConstraintGenerateInDDL>true</columnDependencyConstraintGenerateInDDL>
</FKIndexAssociation>