<?xml version = '1.0' encoding = 'UTF-8'?>
<FKIndexAssociation class="oracle.dbtools.crest.model.design.relational.FKIndexAssociation" directorySegmentName="seg_0" id="A8A0AFB5-1A99-EAB0-83F9-D55869830F2B" containerWithKeyObject="EFBFABE3-A0F2-F8C6-6832-2822042236A4" localFKIndex="D8A20EA0-E453-760F-EF8E-0E66B0C97FCE" name="ITEM_REQ_ITEM_FK">
<createdBy>deepa</createdBy>
<createdTime>2019-05-01 03:40:57 UTC</createdTime>
<generatorID>8044AE28-0955-AC84-80DC-453ECF9B7D96</generatorID>
<ownerDesignName>mh_oraclemodel</ownerDesignName>
<referredTableLongName>ITEM</referredTableLongName>
<deleteRule>NO ACTION</deleteRule>
<referredTableID>8C02A13A-52DC-5BC3-A3EC-97306C4058B5</referredTableID>
<keyObject>15E46A1E-DF13-7A96-5410-6146B392D366</keyObject>
<referredKeyID>15E46A1E-DF13-7A96-5410-6146B392D366</referredKeyID>
<mandatory>true</mandatory>
<refColNames>item_code</refColNames>
<transferable>true</transferable>
<rely>false</rely>
<columnDependencyConstraintGenerateInDDL>true</columnDependencyConstraintGenerateInDDL>
</FKIndexAssociation>