<?xml version = '1.0' encoding = 'UTF-8'?>
<FKIndexAssociation class="oracle.dbtools.crest.model.design.relational.FKIndexAssociation" directorySegmentName="seg_0" id="AB43C3CC-BB74-17B6-575D-EE9F4756048B" containerWithKeyObject="7BE30686-E3B8-65FD-6E58-94EAE0821033" localFKIndex="C9A67A18-6E14-F529-CD61-482E03E3C7A2" name="BED_ASSIGN_ADM_FK">
<createdBy>deepa</createdBy>
<createdTime>2019-05-01 03:40:57 UTC</createdTime>
<generatorID>A0DA54A4-C907-0DAB-5776-7D687A6010CD</generatorID>
<ownerDesignName>mh_oraclemodel</ownerDesignName>
<referredTableLongName>ADM</referredTableLongName>
<deleteRule>NO ACTION</deleteRule>
<referredTableID>B15488C2-FB89-B6E4-B7D4-0A950B5205A5</referredTableID>
<keyObject>BA8D4331-D28A-0823-CCEA-BAE343C5823E</keyObject>
<referredKeyID>BA8D4331-D28A-0823-CCEA-BAE343C5823E</referredKeyID>
<mandatory>true</mandatory>
<refColNames>adm_num</refColNames>
<transferable>true</transferable>
<rely>false</rely>
<columnDependencyConstraintGenerateInDDL>true</columnDependencyConstraintGenerateInDDL>
</FKIndexAssociation>