<?xml version = '1.0' encoding = 'UTF-8'?>
<FKIndexAssociation class="oracle.dbtools.crest.model.design.relational.FKIndexAssociation" directorySegmentName="seg_0" id="B5B44A38-018C-DC53-10E7-38203187EA6F" containerWithKeyObject="A39D8721-DAA0-66DB-09D3-E10AD8501BE8" localFKIndex="4EA65A6B-9DA3-9341-D87A-C8C6A00F6AB3" name="WARD_ASSIGN_WARD_FK">
<createdBy>deepa</createdBy>
<createdTime>2019-05-01 03:40:57 UTC</createdTime>
<generatorID>8A469B00-00F5-E944-B949-FDECD817080C</generatorID>
<ownerDesignName>mh_oraclemodel</ownerDesignName>
<referredTableLongName>WARD</referredTableLongName>
<deleteRule>NO ACTION</deleteRule>
<referredTableID>DA4B9FAB-72D5-2967-0418-884479B222DE</referredTableID>
<keyObject>AB5C567E-20F0-0F25-45CC-D59F58D8A8D8</keyObject>
<referredKeyID>AB5C567E-20F0-0F25-45CC-D59F58D8A8D8</referredKeyID>
<mandatory>true</mandatory>
<refColNames>ward_code</refColNames>
<transferable>true</transferable>
<rely>false</rely>
<columnDependencyConstraintGenerateInDDL>true</columnDependencyConstraintGenerateInDDL>
</FKIndexAssociation>