<?xml version = '1.0' encoding = 'UTF-8'?>
<FKIndexAssociation class="oracle.dbtools.crest.model.design.relational.FKIndexAssociation" directorySegmentName="seg_0" id="BF67A8E9-1341-9E12-EA3B-8AD116B4AF16" containerWithKeyObject="B15488C2-FB89-B6E4-B7D4-0A950B5205A5" localFKIndex="C2F5752A-E909-18DE-9624-02C2831300B7" name="ADM_PATIENT_FK">
<createdBy>deepa</createdBy>
<createdTime>2019-05-01 03:40:57 UTC</createdTime>
<generatorID>1EC78DA0-A818-D77B-B14A-34C68008C22E</generatorID>
<ownerDesignName>mh_oraclemodel</ownerDesignName>
<referredTableLongName>PATIENT</referredTableLongName>
<deleteRule>NO ACTION</deleteRule>
<referredTableID>90C928D1-E470-8DE0-8F31-E3AE790B9E35</referredTableID>
<keyObject>5E5642CD-B7A8-5B68-4393-7940AD087466</keyObject>
<referredKeyID>5E5642CD-B7A8-5B68-4393-7940AD087466</referredKeyID>
<mandatory>true</mandatory>
<refColNames>pat_id</refColNames>
<transferable>true</transferable>
<rely>false</rely>
<columnDependencyConstraintGenerateInDDL>true</columnDependencyConstraintGenerateInDDL>
</FKIndexAssociation>