<?xml version = '1.0' encoding = 'UTF-8'?>
<FKIndexAssociation class="oracle.dbtools.crest.model.design.relational.FKIndexAssociation" directorySegmentName="seg_0" id="CC48DB31-DDF2-CC22-4C02-6B73FFC039D5" containerWithKeyObject="75A68F3B-CCEF-CC79-5252-886F37D2EED1" localFKIndex="388211D0-01EF-F702-AC46-E6A20BF18FAC" name="ADM_PRO_ADM_FK">
<createdBy>deepa</createdBy>
<createdTime>2019-05-01 03:40:57 UTC</createdTime>
<generatorID>793ADE38-FC83-5A24-A50F-545C06298CBD</generatorID>
<ownerDesignName>mh_oraclemodel</ownerDesignName>
<referredTableLongName>ADM</referredTableLongName>
<deleteRule>NO ACTION</deleteRule>
<referredTableID>B15488C2-FB89-B6E4-B7D4-0A950B5205A5</referredTableID>
<keyObject>BA8D4331-D28A-0823-CCEA-BAE343C5823E</keyObject>
<referredKeyID>BA8D4331-D28A-0823-CCEA-BAE343C5823E</referredKeyID>
<mandatory>true</mandatory>
<refColNames>adm_num</refColNames>
<transferable>true</transferable>
<rely>false</rely>
<columnDependencyConstraintGenerateInDDL>true</columnDependencyConstraintGenerateInDDL>
</FKIndexAssociation>