<?xml version = '1.0' encoding = 'UTF-8'?>
<FKIndexAssociation class="oracle.dbtools.crest.model.design.relational.FKIndexAssociation" directorySegmentName="seg_0" id="D5E8D5C6-663E-1647-4633-ABB50BE95A56" containerWithKeyObject="AD3B8722-DC49-1896-88DF-6BF9665B7EFE" localFKIndex="87024EEC-2481-0ED3-1F77-4EE113D5970C" name="DOC_SPEC_DOCTOR_FK">
<createdBy>deepa</createdBy>
<createdTime>2019-05-01 03:40:57 UTC</createdTime>
<generatorID>CC00AD18-1B87-9976-AD5A-60572D52CA8F</generatorID>
<ownerDesignName>mh_oraclemodel</ownerDesignName>
<referredTableLongName>DOCTOR</referredTableLongName>
<deleteRule>NO ACTION</deleteRule>
<referredTableID>AEE64A7C-65C7-CCA5-9FC5-1E9D223B9DBF</referredTableID>
<keyObject>6D2CE586-0012-74DF-FB4F-44475C1D7AC9</keyObject>
<referredKeyID>6D2CE586-0012-74DF-FB4F-44475C1D7AC9</referredKeyID>
<mandatory>true</mandatory>
<refColNames>doctor_id</refColNames>
<transferable>true</transferable>
<rely>false</rely>
<columnDependencyConstraintGenerateInDDL>true</columnDependencyConstraintGenerateInDDL>
</FKIndexAssociation>