<?xml version = '1.0' encoding = 'UTF-8'?>
<FKIndexAssociation class="oracle.dbtools.crest.model.design.relational.FKIndexAssociation" directorySegmentName="seg_0" id="E9B10BB9-8D13-B5BB-9341-1E517ED3F527" containerWithKeyObject="A39D8721-DAA0-66DB-09D3-E10AD8501BE8" localFKIndex="32CD2C30-4409-4107-945D-A573B8186052" name="WARD_ASSIGN_NURSE_FK">
<createdBy>deepa</createdBy>
<createdTime>2019-05-01 03:40:57 UTC</createdTime>
<generatorID>72167E0C-C829-CA6A-A8C4-D9EEED67F245</generatorID>
<ownerDesignName>mh_oraclemodel</ownerDesignName>
<referredTableLongName>NURSE</referredTableLongName>
<deleteRule>NO ACTION</deleteRule>
<referredTableID>AE0C0EAB-F71A-67D2-D0A5-6E287ACA62D7</referredTableID>
<keyObject>7CE40DFC-B0A3-0B72-08D8-67C73AD05AB8</keyObject>
<referredKeyID>7CE40DFC-B0A3-0B72-08D8-67C73AD05AB8</referredKeyID>
<mandatory>true</mandatory>
<refColNames>nurse_id</refColNames>
<transferable>true</transferable>
<rely>false</rely>
<columnDependencyConstraintGenerateInDDL>true</columnDependencyConstraintGenerateInDDL>
</FKIndexAssociation>