<?xml version = '1.0' encoding = 'UTF-8'?>
<Diagram class="oracle.dbtools.crest.swingui.logical.DPVLogical" name="Logical" id="C21F2C7A-5F44-1FC6-3FF4-E70423B210A8">
<createdBy>deepali vinay (30281229)</createdBy>
<modifiedBy>deepali vinay (30281229)</modifiedBy>
<createdTime>2019-04-29 11:59:38 UTC</createdTime>
<autoRoute>false</autoRoute>
<boxInbox>true</boxInbox>
<showLegend>true</showLegend>
<showLabels>true</showLabels>
<showRelAttributes>false</showRelAttributes>
<gridEnabled>false</gridEnabled>
<showGrid>false</showGrid>
<diagramColor>-1</diagramColor>
<legendPosY>15</legendPosY>
<display>false</display>
<notation>2</notation>
<showAllDetails>false</showAllDetails>
<showElements>true</showElements>
<objectViews>
<OView class="oracle.dbtools.crest.swingui.logical.TVEntity" oid="07E629E8-5A1A-6B93-05DF-1BD0FCF38271" otype="Entity" vid="6E40563A-D4FF-FE7F-B555-578940EE7233">
<hideElementsInCurrentOnly>false</hideElementsInCurrentOnly>
<bounds x="1172" y="33" width="179" height="110"/>
</OView>
<OView class="oracle.dbtools.crest.swingui.logical.TVEntity" oid="0BACDF60-752B-2775-D887-894A0F51AFB0" otype="Entity" vid="EDD7582C-1D76-F897-95FD-5C88B3478B30">
<hideElementsInCurrentOnly>false</hideElementsInCurrentOnly>
<bounds x="244" y="372" width="139" height="76"/>
</OView>
<OView class="oracle.dbtools.crest.swingui.logical.TVEntity" oid="1AA2FB1A-2EF2-D0D5-7643-34EAA7B84AC8" otype="Entity" vid="F6B94005-E97E-01BA-9429-1C4691B5A1C4">
<hideElementsInCurrentOnly>false</hideElementsInCurrentOnly>
<bounds x="1106" y="712" width="163" height="91"/>
</OView>
<OView class="oracle.dbtools.crest.swingui.logical.TVEntity" oid="205AD5BC-92B0-E02D-684C-1550818B72E7" otype="Entity" vid="837F2245-D5E4-01AB-BB73-F731175E3A78">
<hideElementsInCurrentOnly>false</hideElementsInCurrentOnly>
<bounds x="964" y="226" width="188" height="96"/>
</OView>
<OView class="oracle.dbtools.crest.swingui.logical.TVEntity" oid="397B9696-3157-6051-ECC9-632F55F4F40E" otype="Entity" vid="00885DFE-8DEE-AACC-1028-75036D50FE21">
<hideElementsInCurrentOnly>false</hideElementsInCurrentOnly>
<bounds x="512" y="716" width="160" height="97"/>
</OView>
<OView class="oracle.dbtools.crest.swingui.logical.TVEntity" oid="3A62F7AD-C607-63FF-C6D7-3795CB52ECCD" otype="Entity" vid="A91A9003-8948-1865-830A-8AEE87797ABF">
<hideElementsInCurrentOnly>false</hideElementsInCurrentOnly>
<bounds x="325" y="208" width="146" height="82"/>
</OView>
<OView class="oracle.dbtools.crest.swingui.logical.TVEntity" oid="3A9004BA-434E-4DA3-8C6C-64843FA2990E" otype="Entity" vid="A9FF586D-F791-EAC1-43AC-EE103F216108">
<hideElementsInCurrentOnly>false</hideElementsInCurrentOnly>
<bounds x="1027" y="391" width="151" height="95"/>
</OView>
<OView class="oracle.dbtools.crest.swingui.logical.TVEntity" oid="45F34169-7A5A-5327-FAF0-AA269619E9BA" otype="Entity" vid="0810E0F2-6934-DCFF-B30D-8AF802D2AE44">
<hideElementsInCurrentOnly>false</hideElementsInCurrentOnly>
<bounds x="525" y="893" width="148" height="83"/>
</OView>
<OView class="oracle.dbtools.crest.swingui.logical.TVEntity" oid="6525C96B-5282-65DD-AD0B-68060C27F0C4" otype="Entity" vid="5D8F205E-7DA8-46FE-9BEC-510E8F676962">
<hideElementsInCurrentOnly>false</hideElementsInCurrentOnly>
<bounds x="764" y="531" width="172" height="110"/>
</OView>
<OView class="oracle.dbtools.crest.swingui.logical.TVEntity" oid="6CD7AFFB-809F-B428-FEA2-722B18180F98" otype="Entity" vid="944FDA13-B34F-B2D1-4770-BEBB14610F31">
<hideElementsInCurrentOnly>false</hideElementsInCurrentOnly>
<bounds x="1165" y="876" width="131" height="96"/>
</OView>
<OView class="oracle.dbtools.crest.swingui.TVLegend" oid="6EFDBEFA-0F9E-B6D5-48C9-1E3293591683" otype="Legend" vid="ECC7BC4A-DC7D-4F92-20E0-DB7CBEC844F2">
<hideElementsInCurrentOnly>false</hideElementsInCurrentOnly>
<bounds x="10" y="15" width="232" height="135"/>
</OView>
<OView class="oracle.dbtools.crest.swingui.logical.TVEntity" oid="92E3453A-2C16-6CDA-17A6-DD898BF5F8B1" otype="Entity" vid="358086A5-D0AB-8983-5C70-3B629B72DA6A">
<hideElementsInCurrentOnly>false</hideElementsInCurrentOnly>
<bounds x="557" y="296" width="317" height="152"/>
</OView>
<OView class="oracle.dbtools.crest.swingui.logical.TVEntity" oid="A1017960-7B13-67D3-ED1A-DB4320B8A85D" otype="Entity" vid="86E87603-7EC9-53BB-85AB-269E75CC2E38">
<hideElementsInCurrentOnly>false</hideElementsInCurrentOnly>
<bounds x="1087" y="551" width="129" height="82"/>
</OView>
<OView class="oracle.dbtools.crest.swingui.logical.TVEntity" oid="BB66E0D0-0700-CE1E-11F4-9B68419C8AE3" otype="Entity" vid="243A1B6F-7FB7-1EE2-982D-0031814E9DCB">
<hideElementsInCurrentOnly>false</hideElementsInCurrentOnly>
<bounds x="820" y="26" width="231" height="113"/>
</OView>
<OView class="oracle.dbtools.crest.swingui.logical.TVEntity" oid="D2B394F9-D45C-F77B-EAF5-297BE1AAB105" otype="Entity" vid="9EB6EAB6-336B-F90F-B835-5247064F6B08">
<hideElementsInCurrentOnly>false</hideElementsInCurrentOnly>
<bounds x="510" y="533" width="165" height="125"/>
</OView>
<OView class="oracle.dbtools.crest.swingui.logical.TVEntity" oid="E6E15FF8-A928-1AD7-BDAB-5D811554CCEA" otype="Entity" vid="11FD1126-DE16-0B65-0992-4652067BD882">
<hideElementsInCurrentOnly>false</hideElementsInCurrentOnly>
<bounds x="417" y="25" width="250" height="109"/>
</OView>
</objectViews>
<connectors>
<Connector class="oracle.dbtools.crest.swingui.logical.TVRelation" oid="06C0A7B9-160E-12F6-D46A-8A8552EE20F6" otype="Relation" vid_source="0810E0F2-6934-DCFF-B30D-8AF802D2AE44" vid_target="00885DFE-8DEE-AACC-1028-75036D50FE21">
<hideElementsInCurrentOnly>false</hideElementsInCurrentOnly>
<backgroundColor>-16777216</backgroundColor>
<lineWidth>1</lineWidth>
<sourceLabel class="oracle.dbtools.crest.model.design.Label">
<site>0</site>
<labelBounds x="598" y="857" width="68" height="30"/>
<noBackgroundColor>true</noBackgroundColor>
<noForegroundColor>true</noForegroundColor>
</sourceLabel>
<points>
<point x="598" y="893"/>
<point x="598" y="813"/>
</points>
</Connector>
<Connector class="oracle.dbtools.crest.swingui.logical.TVRelation" oid="1EC78DA0-A818-D77B-B14A-34C68008C22E" otype="Relation" vid_source="6E40563A-D4FF-FE7F-B555-578940EE7233" vid_target="243A1B6F-7FB7-1EE2-982D-0031814E9DCB">
<hideElementsInCurrentOnly>false</hideElementsInCurrentOnly>
<backgroundColor>-16777216</backgroundColor>
<lineWidth>1</lineWidth>
<sourceLabel class="oracle.dbtools.crest.model.design.Label">
<site>0</site>
<labelBounds x="1132" y="56" width="34" height="30"/>
<noBackgroundColor>true</noBackgroundColor>
<noForegroundColor>true</noForegroundColor>
</sourceLabel>
<points>
<point x="1172" y="86"/>
<point x="1051" y="86"/>
</points>
</Connector>
<Connector class="oracle.dbtools.crest.swingui.logical.TVRelation" oid="2B61C81D-C867-6725-34E9-1EB7590A5388" otype="Relation" vid_source="358086A5-D0AB-8983-5C70-3B629B72DA6A" vid_target="9EB6EAB6-336B-F90F-B835-5247064F6B08">
<hideElementsInCurrentOnly>false</hideElementsInCurrentOnly>
<backgroundColor>-16777216</backgroundColor>
<lineWidth>1</lineWidth>
<sourceLabel class="oracle.dbtools.crest.model.design.Label">
<site>0</site>
<labelBounds x="616" y="484" width="52" height="30"/>
<noBackgroundColor>true</noBackgroundColor>
<noForegroundColor>true</noForegroundColor>
</sourceLabel>
<points>
<point x="616" y="448"/>
<point x="616" y="533"/>
</points>
</Connector>
<Connector class="oracle.dbtools.crest.swingui.logical.TVRelation" oid="34BE37CA-3F74-E045-CCEE-8D5CC81AA2D2" otype="Relation" vid_source="11FD1126-DE16-0B65-0992-4652067BD882" vid_target="243A1B6F-7FB7-1EE2-982D-0031814E9DCB">
<hideElementsInCurrentOnly>false</hideElementsInCurrentOnly>
<backgroundColor>-16777216</backgroundColor>
<lineWidth>1</lineWidth>
<sourceLabel class="oracle.dbtools.crest.model.design.Label">
<site>0</site>
<labelBounds x="677" y="50" width="62" height="30"/>
<noBackgroundColor>true</noBackgroundColor>
<noForegroundColor>true</noForegroundColor>
</sourceLabel>
<points>
<point x="667" y="80"/>
<point x="820" y="80"/>
</points>
</Connector>
<Connector class="oracle.dbtools.crest.swingui.logical.TVRelation" oid="5819D9D3-83A9-FB02-1EDC-6F1B540CAAA9" otype="Relation" vid_source="A9FF586D-F791-EAC1-43AC-EE103F216108" vid_target="837F2245-D5E4-01AB-BB73-F731175E3A78">
<hideElementsInCurrentOnly>false</hideElementsInCurrentOnly>
<backgroundColor>-16777216</backgroundColor>
<lineWidth>1</lineWidth>
<sourceLabel class="oracle.dbtools.crest.model.design.Label">
<site>0</site>
<labelBounds x="1089" y="349" width="29" height="36"/>
<noBackgroundColor>true</noBackgroundColor>
<noForegroundColor>true</noForegroundColor>
</sourceLabel>
<points>
<point x="1089" y="391"/>
<point x="1089" y="322"/>
</points>
</Connector>
<Connector class="oracle.dbtools.crest.swingui.logical.TVRelation" oid="72167E0C-C829-CA6A-A8C4-D9EEED67F245" otype="Relation" vid_source="944FDA13-B34F-B2D1-4770-BEBB14610F31" vid_target="F6B94005-E97E-01BA-9429-1C4691B5A1C4">
<hideElementsInCurrentOnly>false</hideElementsInCurrentOnly>
<backgroundColor>-16777216</backgroundColor>
<lineWidth>1</lineWidth>
<sourceLabel class="oracle.dbtools.crest.model.design.Label">
<site>0</site>
<labelBounds x="1217" y="838" width="66" height="32"/>
<noBackgroundColor>true</noBackgroundColor>
<noForegroundColor>true</noForegroundColor>
</sourceLabel>
<points>
<point x="1217" y="876"/>
<point x="1217" y="803"/>
</points>
</Connector>
<Connector class="oracle.dbtools.crest.swingui.logical.TVRelation" oid="793ADE38-FC83-5A24-A50F-545C06298CBD" otype="Relation" vid_source="243A1B6F-7FB7-1EE2-982D-0031814E9DCB" vid_target="358086A5-D0AB-8983-5C70-3B629B72DA6A">
<hideElementsInCurrentOnly>false</hideElementsInCurrentOnly>
<backgroundColor>-16777216</backgroundColor>
<lineWidth>1</lineWidth>
<sourceLabel class="oracle.dbtools.crest.model.design.Label">
<site>0</site>
<labelBounds x="847" y="191" width="64" height="30"/>
<noBackgroundColor>true</noBackgroundColor>
<noForegroundColor>true</noForegroundColor>
</sourceLabel>
<points>
<point x="847" y="139"/>
<point x="847" y="296"/>
</points>
</Connector>
<Connector class="oracle.dbtools.crest.swingui.logical.TVRelation" oid="8044AE28-0955-AC84-80DC-453ECF9B7D96" otype="Relation" vid_source="00885DFE-8DEE-AACC-1028-75036D50FE21" vid_target="9EB6EAB6-336B-F90F-B835-5247064F6B08">
<hideElementsInCurrentOnly>false</hideElementsInCurrentOnly>
<backgroundColor>-16777216</backgroundColor>
<lineWidth>1</lineWidth>
<sourceLabel class="oracle.dbtools.crest.model.design.Label">
<site>0</site>
<labelBounds x="592" y="672" width="37" height="30"/>
<noBackgroundColor>true</noBackgroundColor>
<noForegroundColor>true</noForegroundColor>
</sourceLabel>
<points>
<point x="592" y="716"/>
<point x="592" y="658"/>
</points>
</Connector>
<Connector class="oracle.dbtools.crest.swingui.logical.TVRelation" oid="8A469B00-00F5-E944-B949-FDECD817080C" otype="Relation" vid_source="86E87603-7EC9-53BB-85AB-269E75CC2E38" vid_target="F6B94005-E97E-01BA-9429-1C4691B5A1C4">
<hideElementsInCurrentOnly>false</hideElementsInCurrentOnly>
<backgroundColor>-16777216</backgroundColor>
<lineWidth>1</lineWidth>
<sourceLabel class="oracle.dbtools.crest.model.design.Label">
<site>0</site>
<labelBounds x="1161" y="669" width="31" height="30"/>
<noBackgroundColor>true</noBackgroundColor>
<noForegroundColor>true</noForegroundColor>
</sourceLabel>
<points>
<point x="1161" y="633"/>
<point x="1161" y="712"/>
</points>
</Connector>
<Connector class="oracle.dbtools.crest.swingui.logical.TVRelation" oid="A0DA54A4-C907-0DAB-5776-7D687A6010CD" otype="Relation" vid_source="243A1B6F-7FB7-1EE2-982D-0031814E9DCB" vid_target="837F2245-D5E4-01AB-BB73-F731175E3A78">
<hideElementsInCurrentOnly>false</hideElementsInCurrentOnly>
<backgroundColor>-16777216</backgroundColor>
<lineWidth>1</lineWidth>
<sourceLabel class="oracle.dbtools.crest.model.design.Label">
<site>0</site>
<labelBounds x="1007" y="199" width="68" height="30"/>
<noBackgroundColor>true</noBackgroundColor>
<noForegroundColor>true</noForegroundColor>
</sourceLabel>
<points>
<point x="1007" y="139"/>
<point x="1007" y="226"/>
</points>
</Connector>
<Connector class="oracle.dbtools.crest.swingui.logical.TVRelation" oid="A13EB9B4-8C55-EE6E-226E-1F3DB67499A5" otype="Relation" vid_source="5D8F205E-7DA8-46FE-9BEC-510E8F676962" vid_target="358086A5-D0AB-8983-5C70-3B629B72DA6A">
<hideElementsInCurrentOnly>false</hideElementsInCurrentOnly>
<backgroundColor>-16777216</backgroundColor>
<lineWidth>1</lineWidth>
<sourceLabel class="oracle.dbtools.crest.model.design.Label">
<site>0</site>
<labelBounds x="819" y="495" width="76" height="30"/>
<noBackgroundColor>true</noBackgroundColor>
<noForegroundColor>true</noForegroundColor>
</sourceLabel>
<points>
<point x="819" y="531"/>
<point x="819" y="448"/>
</points>
</Connector>
<Connector class="oracle.dbtools.crest.swingui.logical.TVRelation" oid="AB5850D1-57B9-E9C7-7AC0-39A731E6CDA1" otype="Relation" vid_source="11FD1126-DE16-0B65-0992-4652067BD882" vid_target="358086A5-D0AB-8983-5C70-3B629B72DA6A">
<hideElementsInCurrentOnly>false</hideElementsInCurrentOnly>
<backgroundColor>-16777216</backgroundColor>
<lineWidth>1</lineWidth>
<sourceLabel class="oracle.dbtools.crest.model.design.Label">
<site>0</site>
<labelBounds x="612" y="178" width="66" height="30"/>
<noBackgroundColor>true</noBackgroundColor>
<noForegroundColor>true</noForegroundColor>
</sourceLabel>
<points>
<point x="612" y="134"/>
<point x="612" y="296"/>
</points>
</Connector>
<Connector class="oracle.dbtools.crest.swingui.logical.TVRelation" oid="B48E43D5-227E-65B9-075D-136C17A27475" otype="Relation" vid_source="EDD7582C-1D76-F897-95FD-5C88B3478B30" vid_target="A91A9003-8948-1865-830A-8AEE87797ABF">
<hideElementsInCurrentOnly>false</hideElementsInCurrentOnly>
<backgroundColor>-16777216</backgroundColor>
<lineWidth>1</lineWidth>
<sourceLabel class="oracle.dbtools.crest.model.design.Label">
<site>0</site>
<labelBounds x="354" y="336" width="38" height="30"/>
<noBackgroundColor>true</noBackgroundColor>
<noForegroundColor>true</noForegroundColor>
</sourceLabel>
<points>
<point x="354" y="372"/>
<point x="354" y="290"/>
</points>
</Connector>
<Connector class="oracle.dbtools.crest.swingui.logical.TVRelation" oid="CC00AD18-1B87-9976-AD5A-60572D52CA8F" otype="Relation" vid_source="11FD1126-DE16-0B65-0992-4652067BD882" vid_target="A91A9003-8948-1865-830A-8AEE87797ABF">
<hideElementsInCurrentOnly>false</hideElementsInCurrentOnly>
<backgroundColor>-16777216</backgroundColor>
<lineWidth>1</lineWidth>
<sourceLabel class="oracle.dbtools.crest.model.design.Label">
<site>0</site>
<labelBounds x="444" y="186" width="31" height="30"/>
<noBackgroundColor>true</noBackgroundColor>
<noForegroundColor>true</noForegroundColor>
</sourceLabel>
<points>
<point x="444" y="134"/>
<point x="444" y="208"/>
</points>
</Connector>
<Connector class="oracle.dbtools.crest.swingui.logical.TVRelation" oid="E382D82E-C4CA-0FC7-ECA6-B42D6620D6EC" otype="Relation" vid_source="11FD1126-DE16-0B65-0992-4652067BD882" vid_target="358086A5-D0AB-8983-5C70-3B629B72DA6A">
<hideElementsInCurrentOnly>false</hideElementsInCurrentOnly>
<backgroundColor>-16777216</backgroundColor>
<lineWidth>1</lineWidth>
<sourceLabel class="oracle.dbtools.crest.model.design.Label">
<site>0</site>
<labelBounds x="627" y="194" width="53" height="30"/>
<noBackgroundColor>true</noBackgroundColor>
<noForegroundColor>true</noForegroundColor>
</sourceLabel>
<points>
<point x="627" y="134"/>
<point x="627" y="296"/>
</points>
</Connector>
<Connector class="oracle.dbtools.crest.swingui.logical.TVRelation" oid="F4020668-5BA8-100C-83BD-4F3255246D4F" otype="Relation" vid_source="86E87603-7EC9-53BB-85AB-269E75CC2E38" vid_target="A9FF586D-F791-EAC1-43AC-EE103F216108">
<hideElementsInCurrentOnly>false</hideElementsInCurrentOnly>
<backgroundColor>-16777216</backgroundColor>
<lineWidth>1</lineWidth>
<sourceLabel class="oracle.dbtools.crest.model.design.Label">
<site>0</site>
<labelBounds x="1132" y="507" width="55" height="30"/>
<noBackgroundColor>true</noBackgroundColor>
<noForegroundColor>true</noForegroundColor>
</sourceLabel>
<points>
<point x="1132" y="551"/>
<point x="1132" y="486"/>
</points>
</Connector>
</connectors>
</Diagram>