<?xml version = '1.0' encoding = 'UTF-8'?>
<Diagram class="oracle.dbtools.crest.swingui.relational.DPVRelational" name="Relational_1" id="680D8E54-6FB3-A69F-8F8F-C6CFB1D0FA30">
<createdBy>deepa</createdBy>
<modifiedBy>deepa</modifiedBy>
<createdTime>2019-05-01 06:32:43 UTC</createdTime>
<autoRoute>false</autoRoute>
<boxInbox>true</boxInbox>
<showLegend>false</showLegend>
<showLabels>false</showLabels>
<showRelAttributes>false</showRelAttributes>
<gridEnabled>false</gridEnabled>
<showGrid>false</showGrid>
<diagramColor>-1</diagramColor>
<display>false</display>
<notation>1</notation>
<objectViews>
<OView class="oracle.dbtools.crest.swingui.relational.TVTable" oid="03A05600-0B0F-7DDB-83FE-0A9FB1F33C62" otype="Table" vid="6B779332-CE61-0F79-A61E-40D03C0CFF1F">
<hideElementsInCurrentOnly>false</hideElementsInCurrentOnly>
<bounds x="525" y="893" width="148" height="83"/>
</OView>
<OView class="oracle.dbtools.crest.swingui.relational.TVTable" oid="04CFE461-558A-31E1-B583-EF6CB634E842" otype="Table" vid="FC7DA7AB-8D14-20EF-C275-A26C82BB5535">
<hideElementsInCurrentOnly>false</hideElementsInCurrentOnly>
<bounds x="764" y="531" width="172" height="110"/>
</OView>
<OView class="oracle.dbtools.crest.swingui.relational.TVTable" oid="387ECC90-D2DB-F0A1-1518-F07136C5781F" otype="Table" vid="F6CE9F37-55E8-957D-0A8F-0FADEBFDE79E">
<hideElementsInCurrentOnly>false</hideElementsInCurrentOnly>
<bounds x="1027" y="391" width="151" height="95"/>
</OView>
<OView class="oracle.dbtools.crest.swingui.relational.TVTable" oid="3B4CBB60-FF8E-D3F0-C121-6EC1B6455903" otype="Table" vid="B2E22E71-88B0-C1D5-DB0D-AEAB26EB515B">
<hideElementsInCurrentOnly>false</hideElementsInCurrentOnly>
<bounds x="820" y="26" width="231" height="113"/>
</OView>
<OView class="oracle.dbtools.crest.swingui.relational.TVTable" oid="40BF3DC4-E661-99A7-FEDD-15CBE64EDE54" otype="Table" vid="F8DFD304-8BC8-FB18-CF4A-1BB37B580F9C">
<hideElementsInCurrentOnly>false</hideElementsInCurrentOnly>
<bounds x="557" y="296" width="317" height="152"/>
</OView>
<OView class="oracle.dbtools.crest.swingui.relational.TVTable" oid="5987D66E-900B-0DCE-AA53-95A437DA78E8" otype="Table" vid="6441FDA3-6B7B-AAC0-24BD-C184D8245434">
<hideElementsInCurrentOnly>false</hideElementsInCurrentOnly>
<bounds x="244" y="372" width="139" height="76"/>
</OView>
<OView class="oracle.dbtools.crest.swingui.relational.TVTable" oid="717842EA-78BD-E9D5-5C16-FAF8B4F73E0F" otype="Table" vid="B978DAAD-9EF7-F274-3135-9D51240D8E18">
<hideElementsInCurrentOnly>false</hideElementsInCurrentOnly>
<bounds x="417" y="25" width="250" height="109"/>
</OView>
<OView class="oracle.dbtools.crest.swingui.relational.TVTable" oid="815573E9-660E-E687-D319-61DBD75F4660" otype="Table" vid="36425DA7-4C83-C9CB-8D0F-DB41EC775F90">
<hideElementsInCurrentOnly>false</hideElementsInCurrentOnly>
<bounds x="325" y="208" width="146" height="82"/>
</OView>
<OView class="oracle.dbtools.crest.swingui.relational.TVTable" oid="8158FB78-4344-2E66-75BD-B37C6F287251" otype="Table" vid="6B056299-3B36-3233-95A8-E5C0825E3675">
<hideElementsInCurrentOnly>false</hideElementsInCurrentOnly>
<bounds x="1172" y="33" width="179" height="110"/>
</OView>
<OView class="oracle.dbtools.crest.swingui.relational.TVTable" oid="995CDB0D-D0C6-3037-CDFB-9D95954F2836" otype="Table" vid="0281FCE7-6AC2-0EF0-6264-107A3FE6DC7A">
<hideElementsInCurrentOnly>false</hideElementsInCurrentOnly>
<bounds x="510" y="533" width="165" height="125"/>
</OView>
<OView class="oracle.dbtools.crest.swingui.relational.TVTable" oid="B6E81830-F65B-C9B0-4D64-348CA12C8D1B" otype="Table" vid="2A80B73A-3B16-BA34-4E0D-FB4CF663A227">
<hideElementsInCurrentOnly>false</hideElementsInCurrentOnly>
<bounds x="1106" y="712" width="163" height="91"/>
</OView>
<OView class="oracle.dbtools.crest.swingui.relational.TVTable" oid="CB425D3E-E723-1E34-2764-14532F1477C9" otype="Table" vid="779923BA-7AEF-1D8C-3515-407C299160DB">
<hideElementsInCurrentOnly>false</hideElementsInCurrentOnly>
<bounds x="1165" y="876" width="131" height="96"/>
</OView>
<OView class="oracle.dbtools.crest.swingui.relational.TVTable" oid="D9EAA995-502A-5C98-BB4F-ACF9B66EAAFB" otype="Table" vid="82CE1298-E346-E14D-D7BA-A88772932B19">
<hideElementsInCurrentOnly>false</hideElementsInCurrentOnly>
<bounds x="512" y="716" width="160" height="97"/>
</OView>
<OView class="oracle.dbtools.crest.swingui.relational.TVTable" oid="DFE2D57A-E445-9A7A-D16C-EF264D588D9B" otype="Table" vid="D8FD6A5C-7C61-22B7-4043-D321FF6775E2">
<hideElementsInCurrentOnly>false</hideElementsInCurrentOnly>
<bounds x="964" y="226" width="188" height="96"/>
</OView>
<OView class="oracle.dbtools.crest.swingui.relational.TVTable" oid="F5F5F369-CA72-C8F1-97F1-F5AC9DF2F9FF" otype="Table" vid="6723075A-2861-2A97-0494-637C21116603">
<hideElementsInCurrentOnly>false</hideElementsInCurrentOnly>
<bounds x="1087" y="551" width="129" height="82"/>
</OView>
</objectViews>
<connectors>
<Connector class="oracle.dbtools.crest.swingui.relational.TVFKRelation" oid="0C36B1EB-5A3A-669C-E887-52D5794521B3" otype="FKIndexAssociation" vid_source="82CE1298-E346-E14D-D7BA-A88772932B19" vid_target="0281FCE7-6AC2-0EF0-6264-107A3FE6DC7A">
<hideElementsInCurrentOnly>false</hideElementsInCurrentOnly>
<backgroundColor>-16777216</backgroundColor>
<lineWidth>1</lineWidth>
<points>
<point x="592" y="716"/>
<point x="592" y="658"/>
</points>
</Connector>
<Connector class="oracle.dbtools.crest.swingui.relational.TVFKRelation" oid="23F67F94-0F49-425B-9F18-B92EEE13DF97" otype="FKIndexAssociation" vid_source="F8DFD304-8BC8-FB18-CF4A-1BB37B580F9C" vid_target="0281FCE7-6AC2-0EF0-6264-107A3FE6DC7A">
<hideElementsInCurrentOnly>false</hideElementsInCurrentOnly>
<backgroundColor>-16777216</backgroundColor>
<lineWidth>1</lineWidth>
<points>
<point x="616" y="448"/>
<point x="616" y="533"/>
</points>
</Connector>
<Connector class="oracle.dbtools.crest.swingui.relational.TVFKRelation" oid="2E9452CE-C0EB-4339-BCA6-F97258FD456E" otype="FKIndexAssociation" vid_source="779923BA-7AEF-1D8C-3515-407C299160DB" vid_target="2A80B73A-3B16-BA34-4E0D-FB4CF663A227">
<hideElementsInCurrentOnly>false</hideElementsInCurrentOnly>
<backgroundColor>-16777216</backgroundColor>
<lineWidth>1</lineWidth>
<points>
<point x="1217" y="876"/>
<point x="1217" y="803"/>
</points>
</Connector>
<Connector class="oracle.dbtools.crest.swingui.relational.TVFKRelation" oid="32B9F51A-2248-699C-085D-BED6E146650A" otype="FKIndexAssociation" vid_source="6723075A-2861-2A97-0494-637C21116603" vid_target="2A80B73A-3B16-BA34-4E0D-FB4CF663A227">
<hideElementsInCurrentOnly>false</hideElementsInCurrentOnly>
<backgroundColor>-16777216</backgroundColor>
<lineWidth>1</lineWidth>
<points>
<point x="1161" y="633"/>
<point x="1161" y="712"/>
</points>
</Connector>
<Connector class="oracle.dbtools.crest.swingui.relational.TVFKRelation" oid="5A507492-2D6C-D644-A36F-0A7F6EEC7A03" otype="FKIndexAssociation" vid_source="6441FDA3-6B7B-AAC0-24BD-C184D8245434" vid_target="36425DA7-4C83-C9CB-8D0F-DB41EC775F90">
<hideElementsInCurrentOnly>false</hideElementsInCurrentOnly>
<backgroundColor>-16777216</backgroundColor>
<lineWidth>1</lineWidth>
<points>
<point x="354" y="372"/>
<point x="354" y="290"/>
</points>
</Connector>
<Connector class="oracle.dbtools.crest.swingui.relational.TVFKRelation" oid="7E693D8D-3346-73AC-EDA7-66E4C6931702" otype="FKIndexAssociation" vid_source="6B779332-CE61-0F79-A61E-40D03C0CFF1F" vid_target="82CE1298-E346-E14D-D7BA-A88772932B19">
<hideElementsInCurrentOnly>false</hideElementsInCurrentOnly>
<backgroundColor>-16777216</backgroundColor>
<lineWidth>1</lineWidth>
<points>
<point x="598" y="893"/>
<point x="598" y="813"/>
</points>
</Connector>
<Connector class="oracle.dbtools.crest.swingui.relational.TVFKRelation" oid="9F3F6B10-8F89-5C9A-B9BB-CA34A8671DC7" otype="FKIndexAssociation" vid_source="B978DAAD-9EF7-F274-3135-9D51240D8E18" vid_target="F8DFD304-8BC8-FB18-CF4A-1BB37B580F9C">
<hideElementsInCurrentOnly>false</hideElementsInCurrentOnly>
<backgroundColor>-16777216</backgroundColor>
<lineWidth>1</lineWidth>
<points>
<point x="612" y="134"/>
<point x="612" y="296"/>
</points>
</Connector>
<Connector class="oracle.dbtools.crest.swingui.relational.TVFKRelation" oid="A14F4248-5B28-E118-A610-12AFF8E4A7C7" otype="FKIndexAssociation" vid_source="B978DAAD-9EF7-F274-3135-9D51240D8E18" vid_target="F8DFD304-8BC8-FB18-CF4A-1BB37B580F9C">
<hideElementsInCurrentOnly>false</hideElementsInCurrentOnly>
<backgroundColor>-16777216</backgroundColor>
<lineWidth>1</lineWidth>
<points>
<point x="627" y="134"/>
<point x="627" y="296"/>
</points>
</Connector>
<Connector class="oracle.dbtools.crest.swingui.relational.TVFKRelation" oid="B1120BBC-BED2-18DB-71AD-9D8D037E3345" otype="FKIndexAssociation" vid_source="F6CE9F37-55E8-957D-0A8F-0FADEBFDE79E" vid_target="D8FD6A5C-7C61-22B7-4043-D321FF6775E2">
<hideElementsInCurrentOnly>false</hideElementsInCurrentOnly>
<backgroundColor>-16777216</backgroundColor>
<lineWidth>1</lineWidth>
<points>
<point x="1089" y="391"/>
<point x="1089" y="322"/>
</points>
</Connector>
<Connector class="oracle.dbtools.crest.swingui.relational.TVFKRelation" oid="B8CD91C4-4A6E-E485-EFF5-7452AE23B257" otype="FKIndexAssociation" vid_source="B2E22E71-88B0-C1D5-DB0D-AEAB26EB515B" vid_target="F8DFD304-8BC8-FB18-CF4A-1BB37B580F9C">
<hideElementsInCurrentOnly>false</hideElementsInCurrentOnly>
<backgroundColor>-16777216</backgroundColor>
<lineWidth>1</lineWidth>
<points>
<point x="847" y="139"/>
<point x="847" y="296"/>
</points>
</Connector>
<Connector class="oracle.dbtools.crest.swingui.relational.TVFKRelation" oid="C7F31B32-C772-B4F2-DFB8-448313969B7E" otype="FKIndexAssociation" vid_source="B978DAAD-9EF7-F274-3135-9D51240D8E18" vid_target="B2E22E71-88B0-C1D5-DB0D-AEAB26EB515B">
<hideElementsInCurrentOnly>false</hideElementsInCurrentOnly>
<backgroundColor>-16777216</backgroundColor>
<lineWidth>1</lineWidth>
<points>
<point x="667" y="80"/>
<point x="820" y="80"/>
</points>
</Connector>
<Connector class="oracle.dbtools.crest.swingui.relational.TVFKRelation" oid="CE2965CE-D8FC-6D5C-8401-CDA15DD46EE1" otype="FKIndexAssociation" vid_source="B978DAAD-9EF7-F274-3135-9D51240D8E18" vid_target="36425DA7-4C83-C9CB-8D0F-DB41EC775F90">
<hideElementsInCurrentOnly>false</hideElementsInCurrentOnly>
<backgroundColor>-16777216</backgroundColor>
<lineWidth>1</lineWidth>
<points>
<point x="444" y="134"/>
<point x="444" y="208"/>
</points>
</Connector>
<Connector class="oracle.dbtools.crest.swingui.relational.TVFKRelation" oid="D5DF7636-5332-5AF3-CBAC-2E40DA9A92A9" otype="FKIndexAssociation" vid_source="FC7DA7AB-8D14-20EF-C275-A26C82BB5535" vid_target="F8DFD304-8BC8-FB18-CF4A-1BB37B580F9C">
<hideElementsInCurrentOnly>false</hideElementsInCurrentOnly>
<backgroundColor>-16777216</backgroundColor>
<lineWidth>1</lineWidth>
<points>
<point x="819" y="531"/>
<point x="819" y="448"/>
</points>
</Connector>
<Connector class="oracle.dbtools.crest.swingui.relational.TVFKRelation" oid="DA6F0632-C215-0345-6117-BC57AC7C88A3" otype="FKIndexAssociation" vid_source="6723075A-2861-2A97-0494-637C21116603" vid_target="F6CE9F37-55E8-957D-0A8F-0FADEBFDE79E">
<hideElementsInCurrentOnly>false</hideElementsInCurrentOnly>
<backgroundColor>-16777216</backgroundColor>
<lineWidth>1</lineWidth>
<points>
<point x="1132" y="551"/>
<point x="1132" y="486"/>
</points>
</Connector>
<Connector class="oracle.dbtools.crest.swingui.relational.TVFKRelation" oid="E817CA46-DC51-DD61-EE8F-D8B25F5F6731" otype="FKIndexAssociation" vid_source="6B056299-3B36-3233-95A8-E5C0825E3675" vid_target="B2E22E71-88B0-C1D5-DB0D-AEAB26EB515B">
<hideElementsInCurrentOnly>false</hideElementsInCurrentOnly>
<backgroundColor>-16777216</backgroundColor>
<lineWidth>1</lineWidth>
<points>
<point x="1172" y="86"/>
<point x="1051" y="86"/>
</points>
</Connector>
<Connector class="oracle.dbtools.crest.swingui.relational.TVFKRelation" oid="E952F809-C543-25FB-A389-FB69196CEC6C" otype="FKIndexAssociation" vid_source="B2E22E71-88B0-C1D5-DB0D-AEAB26EB515B" vid_target="D8FD6A5C-7C61-22B7-4043-D321FF6775E2">
<hideElementsInCurrentOnly>false</hideElementsInCurrentOnly>
<backgroundColor>-16777216</backgroundColor>
<lineWidth>1</lineWidth>
<points>
<point x="1007" y="139"/>
<point x="1007" y="226"/>
</points>
</Connector>
</connectors>
</Diagram>