<?xml version = '1.0' encoding = 'UTF-8'?>
<FKIndexAssociation class="oracle.dbtools.crest.model.design.relational.FKIndexAssociation" directorySegmentName="seg_0" id="0C36B1EB-5A3A-669C-E887-52D5794521B3" containerWithKeyObject="995CDB0D-D0C6-3037-CDFB-9D95954F2836" localFKIndex="EFEA2E4B-49D0-FA00-3701-2B245786605B" name="ITEM_REQ_ITEM_FK">
<createdBy>deepa</createdBy>
<createdTime>2019-05-01 06:32:44 UTC</createdTime>
<generatorID>8044AE28-0955-AC84-80DC-453ECF9B7D96</generatorID>
<ownerDesignName>mh_oraclemodel</ownerDesignName>
<referredTableLongName>ITEM</referredTableLongName>
<deleteRule>NO ACTION</deleteRule>
<referredTableID>D9EAA995-502A-5C98-BB4F-ACF9B66EAAFB</referredTableID>
<keyObject>383A8BB6-9961-6D86-F84E-192FAED73CC4</keyObject>
<referredKeyID>383A8BB6-9961-6D86-F84E-192FAED73CC4</referredKeyID>
<mandatory>true</mandatory>
<refColNames>item_code</refColNames>
<transferable>true</transferable>
<rely>false</rely>
<columnDependencyConstraintGenerateInDDL>true</columnDependencyConstraintGenerateInDDL>
</FKIndexAssociation>