<?xml version = '1.0' encoding = 'UTF-8'?>
<FKIndexAssociation class="oracle.dbtools.crest.model.design.relational.FKIndexAssociation" directorySegmentName="seg_0" id="23F67F94-0F49-425B-9F18-B92EEE13DF97" containerWithKeyObject="995CDB0D-D0C6-3037-CDFB-9D95954F2836" localFKIndex="1BEDEE2D-CEA1-949B-8296-33E6D9C1BDCE" name="ITEM_REQ_ADM_PRO_FK">
<createdBy>deepa</createdBy>
<createdTime>2019-05-01 06:32:44 UTC</createdTime>
<generatorID>2B61C81D-C867-6725-34E9-1EB7590A5388</generatorID>
<ownerDesignName>mh_oraclemodel</ownerDesignName>
<referredTableLongName>ADM_PRO</referredTableLongName>
<deleteRule>NO ACTION</deleteRule>
<referredTableID>40BF3DC4-E661-99A7-FEDD-15CBE64EDE54</referredTableID>
<keyObject>83329265-E801-751F-87C2-D0D0B87B02B0</keyObject>
<referredKeyID>83329265-E801-751F-87C2-D0D0B87B02B0</referredKeyID>
<mandatory>true</mandatory>
<refColNames>adm_pro_num</refColNames>
<transferable>true</transferable>
<rely>false</rely>
<columnDependencyConstraintGenerateInDDL>true</columnDependencyConstraintGenerateInDDL>
</FKIndexAssociation>