<?xml version = '1.0' encoding = 'UTF-8'?>
<FKIndexAssociation class="oracle.dbtools.crest.model.design.relational.FKIndexAssociation" directorySegmentName="seg_0" id="2E9452CE-C0EB-4339-BCA6-F97258FD456E" containerWithKeyObject="B6E81830-F65B-C9B0-4D64-348CA12C8D1B" localFKIndex="89A600E0-E61C-380D-4A16-84BA5815E3B1" name="WARD_ASSIGN_NURSE_FK">
<createdBy>deepa</createdBy>
<createdTime>2019-05-01 06:32:44 UTC</createdTime>
<generatorID>72167E0C-C829-CA6A-A8C4-D9EEED67F245</generatorID>
<ownerDesignName>mh_oraclemodel</ownerDesignName>
<referredTableLongName>NURSE</referredTableLongName>
<deleteRule>NO ACTION</deleteRule>
<referredTableID>CB425D3E-E723-1E34-2764-14532F1477C9</referredTableID>
<keyObject>D6E63F92-FCB5-4741-ABF2-E55D7DBF8FE8</keyObject>
<referredKeyID>D6E63F92-FCB5-4741-ABF2-E55D7DBF8FE8</referredKeyID>
<mandatory>true</mandatory>
<refColNames>nurse_id</refColNames>
<transferable>true</transferable>
<rely>false</rely>
<columnDependencyConstraintGenerateInDDL>true</columnDependencyConstraintGenerateInDDL>
</FKIndexAssociation>