<?xml version = '1.0' encoding = 'UTF-8'?>
<FKIndexAssociation class="oracle.dbtools.crest.model.design.relational.FKIndexAssociation" directorySegmentName="seg_0" id="32B9F51A-2248-699C-085D-BED6E146650A" containerWithKeyObject="B6E81830-F65B-C9B0-4D64-348CA12C8D1B" localFKIndex="04E5B730-569D-52D5-FD2C-FE338B8399CD" name="WARD_ASSIGN_WARD_FK">
<createdBy>deepa</createdBy>
<createdTime>2019-05-01 06:32:44 UTC</createdTime>
<generatorID>8A469B00-00F5-E944-B949-FDECD817080C</generatorID>
<ownerDesignName>mh_oraclemodel</ownerDesignName>
<referredTableLongName>WARD</referredTableLongName>
<deleteRule>NO ACTION</deleteRule>
<referredTableID>F5F5F369-CA72-C8F1-97F1-F5AC9DF2F9FF</referredTableID>
<keyObject>E841BD61-62F9-B16D-2AA3-21A2913002C6</keyObject>
<referredKeyID>E841BD61-62F9-B16D-2AA3-21A2913002C6</referredKeyID>
<mandatory>true</mandatory>
<refColNames>ward_code</refColNames>
<transferable>true</transferable>
<rely>false</rely>
<columnDependencyConstraintGenerateInDDL>true</columnDependencyConstraintGenerateInDDL>
</FKIndexAssociation>