<?xml version = '1.0' encoding = 'UTF-8'?>
<FKIndexAssociation class="oracle.dbtools.crest.model.design.relational.FKIndexAssociation" directorySegmentName="seg_0" id="5A507492-2D6C-D644-A36F-0A7F6EEC7A03" containerWithKeyObject="815573E9-660E-E687-D319-61DBD75F4660" localFKIndex="9B55053D-7955-53BD-042B-07F14AA9D744" name="DOC_SPEC_SPEC_FK">
<createdBy>deepa</createdBy>
<createdTime>2019-05-01 06:32:44 UTC</createdTime>
<generatorID>B48E43D5-227E-65B9-075D-136C17A27475</generatorID>
<ownerDesignName>mh_oraclemodel</ownerDesignName>
<referredTableLongName>SPEC</referredTableLongName>
<deleteRule>NO ACTION</deleteRule>
<referredTableID>5987D66E-900B-0DCE-AA53-95A437DA78E8</referredTableID>
<keyObject>135219AE-C12A-5DB1-D1AC-5160763A4CA6</keyObject>
<referredKeyID>135219AE-C12A-5DB1-D1AC-5160763A4CA6</referredKeyID>
<mandatory>true</mandatory>
<refColNames>specialisation</refColNames>
<transferable>true</transferable>
<rely>false</rely>
<columnDependencyConstraintGenerateInDDL>true</columnDependencyConstraintGenerateInDDL>
</FKIndexAssociation>