<?xml version = '1.0' encoding = 'UTF-8'?>
<FKIndexAssociation class="oracle.dbtools.crest.model.design.relational.FKIndexAssociation" directorySegmentName="seg_0" id="7E693D8D-3346-73AC-EDA7-66E4C6931702" containerWithKeyObject="D9EAA995-502A-5C98-BB4F-ACF9B66EAAFB" localFKIndex="C83894B7-112F-70AA-7EAF-2A700CEEC817" name="ITEM_COST_CENTRE_FK">
<createdBy>deepa</createdBy>
<createdTime>2019-05-01 06:32:44 UTC</createdTime>
<generatorID>06C0A7B9-160E-12F6-D46A-8A8552EE20F6</generatorID>
<ownerDesignName>mh_oraclemodel</ownerDesignName>
<referredTableLongName>COST_CENTRE</referredTableLongName>
<deleteRule>NO ACTION</deleteRule>
<referredTableID>03A05600-0B0F-7DDB-83FE-0A9FB1F33C62</referredTableID>
<keyObject>7DF146A7-38DE-8EA3-FA8B-DD7223266E8B</keyObject>
<referredKeyID>7DF146A7-38DE-8EA3-FA8B-DD7223266E8B</referredKeyID>
<mandatory>true</mandatory>
<refColNames>cost_centre_code</refColNames>
<transferable>true</transferable>
<rely>false</rely>
<columnDependencyConstraintGenerateInDDL>true</columnDependencyConstraintGenerateInDDL>
</FKIndexAssociation>