<?xml version = '1.0' encoding = 'UTF-8'?>
<FKIndexAssociation class="oracle.dbtools.crest.model.design.relational.FKIndexAssociation" directorySegmentName="seg_0" id="9F3F6B10-8F89-5C9A-B9BB-CA34A8671DC7" containerWithKeyObject="40BF3DC4-E661-99A7-FEDD-15CBE64EDE54" localFKIndex="C1A4E2B5-28BA-5EE1-DE7A-9DAC2F8A2EB1" name="ADM_PRO_DOCTOR_FK">
<createdBy>deepa</createdBy>
<createdTime>2019-05-01 06:32:43 UTC</createdTime>
<generatorID>AB5850D1-57B9-E9C7-7AC0-39A731E6CDA1</generatorID>
<ownerDesignName>mh_oraclemodel</ownerDesignName>
<referredTableLongName>DOCTOR</referredTableLongName>
<deleteRule>NO ACTION</deleteRule>
<referredTableID>717842EA-78BD-E9D5-5C16-FAF8B4F73E0F</referredTableID>
<keyObject>A42F0BB0-0E75-A8BB-CBA5-54A0C2436151</keyObject>
<referredKeyID>A42F0BB0-0E75-A8BB-CBA5-54A0C2436151</referredKeyID>
<mandatory>false</mandatory>
<refColNames>doctor_id</refColNames>
<transferable>true</transferable>
<rely>false</rely>
<columnDependencyConstraintGenerateInDDL>true</columnDependencyConstraintGenerateInDDL>
</FKIndexAssociation>