<?xml version = '1.0' encoding = 'UTF-8'?>
<FKIndexAssociation class="oracle.dbtools.crest.model.design.relational.FKIndexAssociation" directorySegmentName="seg_0" id="A14F4248-5B28-E118-A610-12AFF8E4A7C7" containerWithKeyObject="40BF3DC4-E661-99A7-FEDD-15CBE64EDE54" localFKIndex="DFC2DFAC-1746-29B3-6B15-BBD190DDB5DC" name="ADM_PRO_DOCTOR_FKv2">
<createdBy>deepa</createdBy>
<createdTime>2019-05-01 06:32:43 UTC</createdTime>
<generatorID>E382D82E-C4CA-0FC7-ECA6-B42D6620D6EC</generatorID>
<ownerDesignName>mh_oraclemodel</ownerDesignName>
<referredTableLongName>DOCTOR</referredTableLongName>
<deleteRule>NO ACTION</deleteRule>
<referredTableID>717842EA-78BD-E9D5-5C16-FAF8B4F73E0F</referredTableID>
<keyObject>A42F0BB0-0E75-A8BB-CBA5-54A0C2436151</keyObject>
<referredKeyID>A42F0BB0-0E75-A8BB-CBA5-54A0C2436151</referredKeyID>
<mandatory>true</mandatory>
<refColNames>doctor_id</refColNames>
<transferable>true</transferable>
<rely>false</rely>
<columnDependencyConstraintGenerateInDDL>true</columnDependencyConstraintGenerateInDDL>
</FKIndexAssociation>