<?xml version = '1.0' encoding = 'UTF-8'?>
<FKIndexAssociation class="oracle.dbtools.crest.model.design.relational.FKIndexAssociation" directorySegmentName="seg_0" id="B1120BBC-BED2-18DB-71AD-9D8D037E3345" containerWithKeyObject="DFE2D57A-E445-9A7A-D16C-EF264D588D9B" localFKIndex="3E5A1FED-09F1-8A60-695B-485D98E160DD" name="BED_ASSIGN_BED_FK">
<createdBy>deepa</createdBy>
<createdTime>2019-05-01 06:32:43 UTC</createdTime>
<generatorID>5819D9D3-83A9-FB02-1EDC-6F1B540CAAA9</generatorID>
<ownerDesignName>mh_oraclemodel</ownerDesignName>
<referredTableLongName>BED</referredTableLongName>
<deleteRule>NO ACTION</deleteRule>
<referredTableID>387ECC90-D2DB-F0A1-1518-F07136C5781F</referredTableID>
<keyObject>24163F65-D946-2C83-19B5-62800D30C2E7</keyObject>
<referredKeyID>24163F65-D946-2C83-19B5-62800D30C2E7</referredKeyID>
<mandatory>true</mandatory>
<refColNames>ward_code,bed_number</refColNames>
<transferable>true</transferable>
<rely>false</rely>
<columnDependencyConstraintGenerateInDDL>true</columnDependencyConstraintGenerateInDDL>
</FKIndexAssociation>