<?xml version = '1.0' encoding = 'UTF-8'?>
<FKIndexAssociation class="oracle.dbtools.crest.model.design.relational.FKIndexAssociation" directorySegmentName="seg_0" id="B8CD91C4-4A6E-E485-EFF5-7452AE23B257" containerWithKeyObject="40BF3DC4-E661-99A7-FEDD-15CBE64EDE54" localFKIndex="161864C9-2704-4E8A-3E4E-A8749D5A2B22" name="ADM_PRO_ADM_FK">
<createdBy>deepa</createdBy>
<createdTime>2019-05-01 06:32:43 UTC</createdTime>
<generatorID>793ADE38-FC83-5A24-A50F-545C06298CBD</generatorID>
<ownerDesignName>mh_oraclemodel</ownerDesignName>
<referredTableLongName>ADM</referredTableLongName>
<deleteRule>NO ACTION</deleteRule>
<referredTableID>3B4CBB60-FF8E-D3F0-C121-6EC1B6455903</referredTableID>
<keyObject>BE014A55-1985-866A-AD71-D63BD3561C73</keyObject>
<referredKeyID>BE014A55-1985-866A-AD71-D63BD3561C73</referredKeyID>
<mandatory>true</mandatory>
<refColNames>adm_num</refColNames>
<transferable>true</transferable>
<rely>false</rely>
<columnDependencyConstraintGenerateInDDL>true</columnDependencyConstraintGenerateInDDL>
</FKIndexAssociation>