<?xml version = '1.0' encoding = 'UTF-8'?>
<FKIndexAssociation class="oracle.dbtools.crest.model.design.relational.FKIndexAssociation" directorySegmentName="seg_0" id="C7F31B32-C772-B4F2-DFB8-448313969B7E" containerWithKeyObject="3B4CBB60-FF8E-D3F0-C121-6EC1B6455903" localFKIndex="4B461278-3FA1-A4A7-DADC-63C79823D0B1" name="ADM_DOCTOR_FK">
<createdBy>deepa</createdBy>
<createdTime>2019-05-01 06:32:43 UTC</createdTime>
<generatorID>34BE37CA-3F74-E045-CCEE-8D5CC81AA2D2</generatorID>
<ownerDesignName>mh_oraclemodel</ownerDesignName>
<referredTableLongName>DOCTOR</referredTableLongName>
<deleteRule>NO ACTION</deleteRule>
<referredTableID>717842EA-78BD-E9D5-5C16-FAF8B4F73E0F</referredTableID>
<keyObject>A42F0BB0-0E75-A8BB-CBA5-54A0C2436151</keyObject>
<referredKeyID>A42F0BB0-0E75-A8BB-CBA5-54A0C2436151</referredKeyID>
<mandatory>true</mandatory>
<refColNames>doctor_id</refColNames>
<transferable>true</transferable>
<rely>false</rely>
<columnDependencyConstraintGenerateInDDL>true</columnDependencyConstraintGenerateInDDL>
</FKIndexAssociation>