<?xml version = '1.0' encoding = 'UTF-8'?>
<FKIndexAssociation class="oracle.dbtools.crest.model.design.relational.FKIndexAssociation" directorySegmentName="seg_0" id="CE2965CE-D8FC-6D5C-8401-CDA15DD46EE1" containerWithKeyObject="815573E9-660E-E687-D319-61DBD75F4660" localFKIndex="FE8953D2-E0B1-4698-0CE5-662F778C7428" name="DOC_SPEC_DOCTOR_FK">
<createdBy>deepa</createdBy>
<createdTime>2019-05-01 06:32:43 UTC</createdTime>
<generatorID>CC00AD18-1B87-9976-AD5A-60572D52CA8F</generatorID>
<ownerDesignName>mh_oraclemodel</ownerDesignName>
<referredTableLongName>DOCTOR</referredTableLongName>
<deleteRule>NO ACTION</deleteRule>
<referredTableID>717842EA-78BD-E9D5-5C16-FAF8B4F73E0F</referredTableID>
<keyObject>A42F0BB0-0E75-A8BB-CBA5-54A0C2436151</keyObject>
<referredKeyID>A42F0BB0-0E75-A8BB-CBA5-54A0C2436151</referredKeyID>
<mandatory>true</mandatory>
<refColNames>doctor_id</refColNames>
<transferable>true</transferable>
<rely>false</rely>
<columnDependencyConstraintGenerateInDDL>true</columnDependencyConstraintGenerateInDDL>
</FKIndexAssociation>