<?xml version = '1.0' encoding = 'UTF-8'?>
<FKIndexAssociation class="oracle.dbtools.crest.model.design.relational.FKIndexAssociation" directorySegmentName="seg_0" id="D5DF7636-5332-5AF3-CBAC-2E40DA9A92A9" containerWithKeyObject="40BF3DC4-E661-99A7-FEDD-15CBE64EDE54" localFKIndex="3726D2C6-9BBF-1AEA-6C35-3CEB88B021B4" name="ADM_PRO_PROCEDURE_FK">
<createdBy>deepa</createdBy>
<createdTime>2019-05-01 06:32:43 UTC</createdTime>
<generatorID>A13EB9B4-8C55-EE6E-226E-1F3DB67499A5</generatorID>
<ownerDesignName>mh_oraclemodel</ownerDesignName>
<referredTableLongName>PROCEDURE</referredTableLongName>
<deleteRule>NO ACTION</deleteRule>
<referredTableID>04CFE461-558A-31E1-B583-EF6CB634E842</referredTableID>
<keyObject>D84103AE-F606-D007-A382-2E2BE3EF703A</keyObject>
<referredKeyID>D84103AE-F606-D007-A382-2E2BE3EF703A</referredKeyID>
<mandatory>true</mandatory>
<refColNames>procedure_code</refColNames>
<transferable>true</transferable>
<rely>false</rely>
<columnDependencyConstraintGenerateInDDL>true</columnDependencyConstraintGenerateInDDL>
</FKIndexAssociation>