<?xml version = '1.0' encoding = 'UTF-8'?>
<FKIndexAssociation class="oracle.dbtools.crest.model.design.relational.FKIndexAssociation" directorySegmentName="seg_0" id="DA6F0632-C215-0345-6117-BC57AC7C88A3" containerWithKeyObject="387ECC90-D2DB-F0A1-1518-F07136C5781F" localFKIndex="4235EAB6-5F03-CB7D-0A96-FE32FC74EA35" name="BED_WARD_FK">
<createdBy>deepa</createdBy>
<createdTime>2019-05-01 06:32:44 UTC</createdTime>
<generatorID>F4020668-5BA8-100C-83BD-4F3255246D4F</generatorID>
<ownerDesignName>mh_oraclemodel</ownerDesignName>
<referredTableLongName>WARD</referredTableLongName>
<deleteRule>NO ACTION</deleteRule>
<referredTableID>F5F5F369-CA72-C8F1-97F1-F5AC9DF2F9FF</referredTableID>
<keyObject>E841BD61-62F9-B16D-2AA3-21A2913002C6</keyObject>
<referredKeyID>E841BD61-62F9-B16D-2AA3-21A2913002C6</referredKeyID>
<mandatory>true</mandatory>
<refColNames>ward_code</refColNames>
<transferable>true</transferable>
<rely>false</rely>
<columnDependencyConstraintGenerateInDDL>true</columnDependencyConstraintGenerateInDDL>
</FKIndexAssociation>