<?xml version = '1.0' encoding = 'UTF-8'?>
<FKIndexAssociation class="oracle.dbtools.crest.model.design.relational.FKIndexAssociation" directorySegmentName="seg_0" id="E817CA46-DC51-DD61-EE8F-D8B25F5F6731" containerWithKeyObject="3B4CBB60-FF8E-D3F0-C121-6EC1B6455903" localFKIndex="5F7451B0-C917-07A7-F30D-2C56D7D8522B" name="ADM_PATIENT_FK">
<createdBy>deepa</createdBy>
<createdTime>2019-05-01 06:32:44 UTC</createdTime>
<generatorID>1EC78DA0-A818-D77B-B14A-34C68008C22E</generatorID>
<ownerDesignName>mh_oraclemodel</ownerDesignName>
<referredTableLongName>PATIENT</referredTableLongName>
<deleteRule>NO ACTION</deleteRule>
<referredTableID>8158FB78-4344-2E66-75BD-B37C6F287251</referredTableID>
<keyObject>856FF1C7-785E-06A6-9FE3-CE2DF2D7E8AB</keyObject>
<referredKeyID>856FF1C7-785E-06A6-9FE3-CE2DF2D7E8AB</referredKeyID>
<mandatory>true</mandatory>
<refColNames>pat_id</refColNames>
<transferable>true</transferable>
<rely>false</rely>
<columnDependencyConstraintGenerateInDDL>true</columnDependencyConstraintGenerateInDDL>
</FKIndexAssociation>