<?xml version = '1.0' encoding = 'UTF-8'?>
<FKIndexAssociation class="oracle.dbtools.crest.model.design.relational.FKIndexAssociation" directorySegmentName="seg_0" id="E952F809-C543-25FB-A389-FB69196CEC6C" containerWithKeyObject="DFE2D57A-E445-9A7A-D16C-EF264D588D9B" localFKIndex="70834E9C-4704-1E43-80DC-E1C180102F41" name="BED_ASSIGN_ADM_FK">
<createdBy>deepa</createdBy>
<createdTime>2019-05-01 06:32:43 UTC</createdTime>
<generatorID>A0DA54A4-C907-0DAB-5776-7D687A6010CD</generatorID>
<ownerDesignName>mh_oraclemodel</ownerDesignName>
<referredTableLongName>ADM</referredTableLongName>
<deleteRule>NO ACTION</deleteRule>
<referredTableID>3B4CBB60-FF8E-D3F0-C121-6EC1B6455903</referredTableID>
<keyObject>BE014A55-1985-866A-AD71-D63BD3561C73</keyObject>
<referredKeyID>BE014A55-1985-866A-AD71-D63BD3561C73</referredKeyID>
<mandatory>true</mandatory>
<refColNames>adm_num</refColNames>
<transferable>true</transferable>
<rely>false</rely>
<columnDependencyConstraintGenerateInDDL>true</columnDependencyConstraintGenerateInDDL>
</FKIndexAssociation>