<?xml version = '1.0' encoding = 'UTF-8'?>
<Table class="oracle.dbtools.crest.model.design.relational.Table" directorySegmentName="seg_0" id="387ECC90-D2DB-F0A1-1518-F07136C5781F" name="BED">
<createdBy>deepa</createdBy>
<createdTime>2019-05-01 06:32:43 UTC</createdTime>
<generatorID>3A9004BA-434E-4DA3-8C6C-64843FA2990E</generatorID>
<ownerDesignName>mh_oraclemodel</ownerDesignName>
<allowColumnReorder>false</allowColumnReorder>
<existDependencyGenerateInDDl>true</existDependencyGenerateInDDl>
<parsed>true</parsed>
<columns itemClass="oracle.dbtools.crest.model.design.relational.Column">
<Column name="ward_code" id="C65233D1-38CC-2236-41B7-431F0B79C352">
<createdBy>deepa</createdBy>
<createdTime>2019-05-01 06:32:43 UTC</createdTime>
<commentInRDBMS>Ward code - Primary key</commentInRDBMS>
<generatorID>7AA58949-CB81-1BDE-C893-F13B2DA77606</generatorID>
<ownerDesignName>mh_oraclemodel</ownerDesignName>
<useDomainConstraints>false</useDomainConstraints>
<use>1</use>
<logicalDatatype>LOGDT019</logicalDatatype>
<dataTypePrecision>7</dataTypePrecision>
<ownDataTypeParameters>,,</ownDataTypeParameters>
<previousColumn>false</previousColumn>
<autoIncrementColumn>true</autoIncrementColumn>
<autoIncrementCycle>false</autoIncrementCycle>
<autoIncrementGenerateTrigger>false</autoIncrementGenerateTrigger>
<associations>
<colAssociation fkAssociation="DA6F0632-C215-0345-6117-BC57AC7C88A3" referredColumn="2EF33487-BAC1-F3E4-6C10-5C918EC2211E"/>
</associations>
</Column>
<Column name="bed_number" id="1F39FD3A-2308-2B53-2436-7BC74F3E5785">
<createdBy>deepa</createdBy>
<createdTime>2019-05-01 06:32:43 UTC</createdTime>
<commentInRDBMS>Bed number</commentInRDBMS>
<generatorID>29B16280-1EB7-C389-8493-E3DB2DA3F387</generatorID>
<ownerDesignName>mh_oraclemodel</ownerDesignName>
<constraintName>bed_number check</constraintName>
<useDomainConstraints>false</useDomainConstraints>
<use>1</use>
<logicalDatatype>LOGDT019</logicalDatatype>
<dataTypePrecision>7</dataTypePrecision>
<checkConstraint>
<implementationDef dbType="Oracle Database 11g" definition="bed_number&gt;0"/>
</checkConstraint>
<ownDataTypeParameters>,7,</ownDataTypeParameters>
<autoIncrementCycle>false</autoIncrementCycle>
</Column>
<Column name="telephone_number" id="040EAE0B-73C2-76AE-BE2E-439F9844C365">
<createdBy>deepa</createdBy>
<createdTime>2019-05-01 06:32:43 UTC</createdTime>
<commentInRDBMS>Bedside telephone number</commentInRDBMS>
<generatorID>4068565F-C0FC-1C9A-16A4-8C39B8146449</generatorID>
<ownerDesignName>mh_oraclemodel</ownerDesignName>
<nullsAllowed>true</nullsAllowed>
<useDomainConstraints>false</useDomainConstraints>
<use>1</use>
<logicalDatatype>LOGDT019</logicalDatatype>
<dataTypePrecision>12</dataTypePrecision>
<ownDataTypeParameters>,12,</ownDataTypeParameters>
<autoIncrementCycle>false</autoIncrementCycle>
</Column>
<Column name="bed_type" id="2AC30FB6-544F-53CE-36FD-C8E05FF9D9C2">
<createdBy>deepa</createdBy>
<createdTime>2019-05-01 06:32:43 UTC</createdTime>
<commentInRDBMS>Bed type</commentInRDBMS>
<generatorID>657F770A-D9B6-F677-D850-C073CA62C4F3</generatorID>
<ownerDesignName>mh_oraclemodel</ownerDesignName>
<constraintName>Type of bed</constraintName>
<useDomainConstraints>false</useDomainConstraints>
<use>1</use>
<logicalDatatype>LOGDT024</logicalDatatype>
<dataTypeSize>20</dataTypeSize>
<listOfValues>
<valueDef value="Adjustable" description="Adjustable bed"/>
<valueDef value="Fixed" description="Fixed bed"/>
</listOfValues>
<ownDataTypeParameters>20,,</ownDataTypeParameters>
<autoIncrementCycle>false</autoIncrementCycle>
</Column>
</columns>
<indexes itemClass="oracle.dbtools.crest.model.design.relational.Index">
<ind_PK_UK id="24163F65-D946-2C83-19B5-62800D30C2E7" name="BED_PK">
<createdBy>deepa</createdBy>
<createdTime>2019-05-01 06:32:43 UTC</createdTime>
<generatorID>4877D704-50E5-683C-DC12-E06E52433099</generatorID>
<ownerDesignName>mh_oraclemodel</ownerDesignName>
<pk>true</pk>
<indexState>Primary Constraint</indexState>
<isSurrogateKey>false</isSurrogateKey>
<indexColumnUsage>
<colUsage columnID="C65233D1-38CC-2236-41B7-431F0B79C352"/>
<colUsage columnID="1F39FD3A-2308-2B53-2436-7BC74F3E5785"/>
</indexColumnUsage>
</ind_PK_UK>
<ind_PK_UK id="4235EAB6-5F03-CB7D-0A96-FE32FC74EA35" name="BED_WARD_FK">
<createdBy>deepa</createdBy>
<createdTime>2019-05-01 06:32:44 UTC</createdTime>
<generatorID>F4020668-5BA8-100C-83BD-4F3255246D4F</generatorID>
<ownerDesignName>mh_oraclemodel</ownerDesignName>
<indexState>Foreign Key</indexState>
<isSurrogateKey>false</isSurrogateKey>
<indexColumnUsage>
<colUsage columnID="C65233D1-38CC-2236-41B7-431F0B79C352"/>
</indexColumnUsage>
</ind_PK_UK>
</indexes>
</Table>