<?xml version = '1.0' encoding = 'UTF-8'?>
<Table class="oracle.dbtools.crest.model.design.relational.Table" directorySegmentName="seg_0" id="3B4CBB60-FF8E-D3F0-C121-6EC1B6455903" name="ADM">
<createdBy>deepa</createdBy>
<createdTime>2019-05-01 06:32:43 UTC</createdTime>
<generatorID>BB66E0D0-0700-CE1E-11F4-9B68419C8AE3</generatorID>
<ownerDesignName>mh_oraclemodel</ownerDesignName>
<allowColumnReorder>false</allowColumnReorder>
<existDependencyGenerateInDDl>true</existDependencyGenerateInDDl>
<parsed>true</parsed>
<columns itemClass="oracle.dbtools.crest.model.design.relational.Column">
<Column name="adm_num" id="0054B072-CCFF-220F-70B8-DB566F52B0DD">
<createdBy>deepa</createdBy>
<createdTime>2019-05-01 06:32:43 UTC</createdTime>
<commentInRDBMS>Admission number-Surrogate key for admission entity</commentInRDBMS>
<generatorID>B8D56244-29BB-BE9B-016B-91981510B4DD</generatorID>
<ownerDesignName>mh_oraclemodel</ownerDesignName>
<constraintName>admission_num check</constraintName>
<useDomainConstraints>false</useDomainConstraints>
<use>1</use>
<logicalDatatype>LOGDT019</logicalDatatype>
<dataTypePrecision>7</dataTypePrecision>
<checkConstraint>
<implementationDef dbType="Oracle Database 11g" definition="adm_num&gt;0"/>
</checkConstraint>
<ownDataTypeParameters>,7,</ownDataTypeParameters>
<autoIncrementColumn>true</autoIncrementColumn>
<autoIncrementCycle>false</autoIncrementCycle>
<autoIncrementGenerateTrigger>false</autoIncrementGenerateTrigger>
</Column>
<Column name="pat_id" id="7FE05BB7-15F7-82BC-C09E-FE3BE7874F49">
<createdBy>deepa</createdBy>
<createdTime>2019-05-01 06:32:43 UTC</createdTime>
<commentInRDBMS>Patient ID - Primary key of PATIENT entity</commentInRDBMS>
<generatorID>5EC9EBE5-1D69-FD49-8BF4-57D7D28AF923</generatorID>
<ownerDesignName>mh_oraclemodel</ownerDesignName>
<useDomainConstraints>false</useDomainConstraints>
<use>1</use>
<logicalDatatype>LOGDT019</logicalDatatype>
<dataTypePrecision>7</dataTypePrecision>
<ownDataTypeParameters>,,</ownDataTypeParameters>
<previousColumn>false</previousColumn>
<autoIncrementCycle>false</autoIncrementCycle>
<associations>
<colAssociation fkAssociation="E817CA46-DC51-DD61-EE8F-D8B25F5F6731" referredColumn="70A6BCA8-63D1-2ACA-891E-9FFAC3E9E575"/>
</associations>
</Column>
<Column name="adm_date_time" id="E3865741-9910-C2F6-C389-8B7623F3A225">
<createdBy>deepa</createdBy>
<createdTime>2019-05-01 06:32:43 UTC</createdTime>
<commentInRDBMS>Date and time of admission of a patient</commentInRDBMS>
<generatorID>F4534B05-4650-F48D-388F-D5F7C50AE3BA</generatorID>
<ownerDesignName>mh_oraclemodel</ownerDesignName>
<useDomainConstraints>false</useDomainConstraints>
<use>1</use>
<logicalDatatype>LOGDT007</logicalDatatype>
<ownDataTypeParameters>,,</ownDataTypeParameters>
<autoIncrementCycle>false</autoIncrementCycle>
</Column>
<Column name="discharge_date_time" id="1379773C-5F26-7857-F49B-E0F1520D37D4">
<createdBy>deepa</createdBy>
<createdTime>2019-05-01 06:32:43 UTC</createdTime>
<commentInRDBMS>Date and time of discharge</commentInRDBMS>
<generatorID>5A787254-C8BB-4240-6EC0-A287DB7628F7</generatorID>
<ownerDesignName>mh_oraclemodel</ownerDesignName>
<nullsAllowed>true</nullsAllowed>
<useDomainConstraints>false</useDomainConstraints>
<use>1</use>
<logicalDatatype>LOGDT007</logicalDatatype>
<ownDataTypeParameters>,,</ownDataTypeParameters>
<autoIncrementCycle>false</autoIncrementCycle>
</Column>
<Column name="doctor_id" id="87BB6D4A-83DC-06B1-5D99-4EC9ABC7D3E3">
<createdBy>deepa</createdBy>
<createdTime>2019-05-01 06:32:43 UTC</createdTime>
<commentInRDBMS>Doctor ID - Primary key of DOCTOR entity</commentInRDBMS>
<generatorID>85874905-C846-CD84-C48B-D8CDBB1A5455</generatorID>
<ownerDesignName>mh_oraclemodel</ownerDesignName>
<useDomainConstraints>false</useDomainConstraints>
<use>1</use>
<logicalDatatype>LOGDT019</logicalDatatype>
<dataTypePrecision>7</dataTypePrecision>
<ownDataTypeParameters>,,</ownDataTypeParameters>
<previousColumn>false</previousColumn>
<autoIncrementCycle>false</autoIncrementCycle>
<associations>
<colAssociation fkAssociation="C7F31B32-C772-B4F2-DFB8-448313969B7E" referredColumn="B3EB90D1-AF6B-5C84-BB6E-B1FC00D53EA4"/>
</associations>
</Column>
</columns>
<indexes itemClass="oracle.dbtools.crest.model.design.relational.Index">
<ind_PK_UK id="BE014A55-1985-866A-AD71-D63BD3561C73" name="ADM_PK">
<createdBy>deepa</createdBy>
<createdTime>2019-05-01 06:32:43 UTC</createdTime>
<generatorID>DE0F1C76-8FF2-9A79-AFA9-A26A061A92CE</generatorID>
<ownerDesignName>mh_oraclemodel</ownerDesignName>
<pk>true</pk>
<indexState>Primary Constraint</indexState>
<isSurrogateKey>false</isSurrogateKey>
<indexColumnUsage>
<colUsage columnID="0054B072-CCFF-220F-70B8-DB566F52B0DD"/>
</indexColumnUsage>
</ind_PK_UK>
<ind_PK_UK id="CAC95446-2842-78CB-9D3F-F141382C4B47" name="ADM_pat_id_adm_date_time_UN">
<createdBy>deepa</createdBy>
<createdTime>2019-05-01 06:32:43 UTC</createdTime>
<generatorID>17B71984-041C-9CAE-3CBF-5580CC7AB362</generatorID>
<ownerDesignName>mh_oraclemodel</ownerDesignName>
<indexState>Unique Constraint</indexState>
<isSurrogateKey>false</isSurrogateKey>
<indexColumnUsage>
<colUsage columnID="7FE05BB7-15F7-82BC-C09E-FE3BE7874F49"/>
<colUsage columnID="E3865741-9910-C2F6-C389-8B7623F3A225"/>
</indexColumnUsage>
</ind_PK_UK>
<ind_PK_UK id="4B461278-3FA1-A4A7-DADC-63C79823D0B1" name="ADM_DOCTOR_FK">
<createdBy>deepa</createdBy>
<createdTime>2019-05-01 06:32:43 UTC</createdTime>
<generatorID>34BE37CA-3F74-E045-CCEE-8D5CC81AA2D2</generatorID>
<ownerDesignName>mh_oraclemodel</ownerDesignName>
<indexState>Foreign Key</indexState>
<isSurrogateKey>false</isSurrogateKey>
<indexColumnUsage>
<colUsage columnID="87BB6D4A-83DC-06B1-5D99-4EC9ABC7D3E3"/>
</indexColumnUsage>
</ind_PK_UK>
<ind_PK_UK id="5F7451B0-C917-07A7-F30D-2C56D7D8522B" name="ADM_PATIENT_FK">
<createdBy>deepa</createdBy>
<createdTime>2019-05-01 06:32:44 UTC</createdTime>
<generatorID>1EC78DA0-A818-D77B-B14A-34C68008C22E</generatorID>
<ownerDesignName>mh_oraclemodel</ownerDesignName>
<indexState>Foreign Key</indexState>
<isSurrogateKey>false</isSurrogateKey>
<indexColumnUsage>
<colUsage columnID="7FE05BB7-15F7-82BC-C09E-FE3BE7874F49"/>
</indexColumnUsage>
</ind_PK_UK>
</indexes>
</Table>