<?xml version = '1.0' encoding = 'UTF-8'?>
<Table class="oracle.dbtools.crest.model.design.relational.Table" directorySegmentName="seg_0" id="40BF3DC4-E661-99A7-FEDD-15CBE64EDE54" name="ADM_PRO">
<createdBy>deepa</createdBy>
<createdTime>2019-05-01 06:32:43 UTC</createdTime>
<generatorID>92E3453A-2C16-6CDA-17A6-DD898BF5F8B1</generatorID>
<ownerDesignName>mh_oraclemodel</ownerDesignName>
<allowColumnReorder>false</allowColumnReorder>
<existDependencyGenerateInDDl>true</existDependencyGenerateInDDl>
<parsed>true</parsed>
<columns itemClass="oracle.dbtools.crest.model.design.relational.Column">
<Column name="adm_pro_num" id="8C644222-013A-DEBF-258A-323D2DD42AA8">
<createdBy>deepa</createdBy>
<createdTime>2019-05-01 06:32:43 UTC</createdTime>
<commentInRDBMS>Admission_Procedure_number-Surrogate key for adm-pro entity</commentInRDBMS>
<generatorID>D2E4B325-5A22-3F21-EA58-A64650DCC4F5</generatorID>
<ownerDesignName>mh_oraclemodel</ownerDesignName>
<constraintName>adm_pro_num check</constraintName>
<useDomainConstraints>false</useDomainConstraints>
<use>1</use>
<logicalDatatype>LOGDT019</logicalDatatype>
<dataTypePrecision>7</dataTypePrecision>
<checkConstraint>
<implementationDef dbType="Oracle Database 11g" definition="adm_pro_num&gt;0"/>
</checkConstraint>
<ownDataTypeParameters>,7,</ownDataTypeParameters>
<autoIncrementColumn>true</autoIncrementColumn>
<autoIncrementCycle>false</autoIncrementCycle>
<autoIncrementGenerateTrigger>false</autoIncrementGenerateTrigger>
</Column>
<Column name="adm_num" id="889B60A2-04CB-ACCC-8CF8-67E4AFAC7DD9">
<createdBy>deepa</createdBy>
<createdTime>2019-05-01 06:32:43 UTC</createdTime>
<commentInRDBMS>Admission number-Surrogate key for admission entity</commentInRDBMS>
<generatorID>2592D38F-87C4-2F6F-D44E-E99981C6F58C</generatorID>
<ownerDesignName>mh_oraclemodel</ownerDesignName>
<useDomainConstraints>false</useDomainConstraints>
<use>1</use>
<logicalDatatype>LOGDT019</logicalDatatype>
<dataTypePrecision>7</dataTypePrecision>
<ownDataTypeParameters>,,</ownDataTypeParameters>
<previousColumn>false</previousColumn>
<autoIncrementCycle>false</autoIncrementCycle>
<associations>
<colAssociation fkAssociation="B8CD91C4-4A6E-E485-EFF5-7452AE23B257" referredColumn="0054B072-CCFF-220F-70B8-DB566F52B0DD"/>
</associations>
</Column>
<Column name="carr_out_on" id="B865C1DE-36C3-800C-F0CB-2EF2A6F2CD4A">
<createdBy>deepa</createdBy>
<createdTime>2019-05-01 06:32:43 UTC</createdTime>
<commentInRDBMS>Carried out on - Date and time of procedure performed</commentInRDBMS>
<generatorID>BCBF0A09-51D3-71DF-8532-6C0EDD7975FE</generatorID>
<ownerDesignName>mh_oraclemodel</ownerDesignName>
<useDomainConstraints>false</useDomainConstraints>
<use>1</use>
<logicalDatatype>LOGDT007</logicalDatatype>
<ownDataTypeParameters>,,</ownDataTypeParameters>
<autoIncrementCycle>false</autoIncrementCycle>
</Column>
<Column name="procedure_charge" id="1050C21A-8928-39B4-B500-0445DC2B2707">
<createdBy>deepa</createdBy>
<createdTime>2019-05-01 06:32:43 UTC</createdTime>
<commentInRDBMS>Charge of procedure</commentInRDBMS>
<generatorID>4A572635-9CFC-1365-B655-09552FC0806F</generatorID>
<ownerDesignName>mh_oraclemodel</ownerDesignName>
<nullsAllowed>true</nullsAllowed>
<useDomainConstraints>false</useDomainConstraints>
<use>1</use>
<logicalDatatype>LOGDT019</logicalDatatype>
<dataTypePrecision>10</dataTypePrecision>
<dataTypeScale>2</dataTypeScale>
<ownDataTypeParameters>,10,2</ownDataTypeParameters>
<autoIncrementCycle>false</autoIncrementCycle>
</Column>
<Column name="total_extras_charge" id="F7E05A01-AB90-9804-A60E-AFB4C687BDAB">
<createdBy>deepa</createdBy>
<createdTime>2019-05-01 06:32:43 UTC</createdTime>
<commentInRDBMS>total charge of extra items</commentInRDBMS>
<generatorID>5092EA0D-A6E3-C982-6CBB-3933E9ACB6FB</generatorID>
<ownerDesignName>mh_oraclemodel</ownerDesignName>
<nullsAllowed>true</nullsAllowed>
<useDomainConstraints>false</useDomainConstraints>
<use>1</use>
<logicalDatatype>LOGDT019</logicalDatatype>
<dataTypePrecision>10</dataTypePrecision>
<dataTypeScale>2</dataTypeScale>
<ownDataTypeParameters>,10,2</ownDataTypeParameters>
<autoIncrementCycle>false</autoIncrementCycle>
</Column>
<Column name="procedure_code" id="44D10272-ACA2-4248-3AD7-C4BEEFC0FB26">
<createdBy>deepa</createdBy>
<createdTime>2019-05-01 06:32:43 UTC</createdTime>
<commentInRDBMS>Procedure code - Primary key</commentInRDBMS>
<generatorID>9B02DCC8-30A0-F683-1263-00CF77370AD1</generatorID>
<ownerDesignName>mh_oraclemodel</ownerDesignName>
<useDomainConstraints>false</useDomainConstraints>
<use>1</use>
<logicalDatatype>LOGDT019</logicalDatatype>
<dataTypePrecision>7</dataTypePrecision>
<ownDataTypeParameters>,,</ownDataTypeParameters>
<previousColumn>false</previousColumn>
<autoIncrementCycle>false</autoIncrementCycle>
<associations>
<colAssociation fkAssociation="D5DF7636-5332-5AF3-CBAC-2E40DA9A92A9" referredColumn="454BEC8D-23D1-DA74-6E22-163D5D931F24"/>
</associations>
</Column>
<Column name="doctor_id1" id="DC4C8733-CD8F-9BC1-7E3B-A1C0DC53F578">
<createdBy>deepa</createdBy>
<createdTime>2019-05-01 06:32:43 UTC</createdTime>
<commentInRDBMS>Doctor ID - Primary key of DOCTOR entity</commentInRDBMS>
<generatorID>2D05F909-366C-CA5E-C2EA-42554136951F</generatorID>
<ownerDesignName>mh_oraclemodel</ownerDesignName>
<useDomainConstraints>false</useDomainConstraints>
<use>1</use>
<logicalDatatype>LOGDT019</logicalDatatype>
<dataTypePrecision>7</dataTypePrecision>
<ownDataTypeParameters>,,</ownDataTypeParameters>
<previousColumn>false</previousColumn>
<autoIncrementCycle>false</autoIncrementCycle>
<associations>
<colAssociation fkAssociation="A14F4248-5B28-E118-A610-12AFF8E4A7C7" referredColumn="B3EB90D1-AF6B-5C84-BB6E-B1FC00D53EA4"/>
</associations>
</Column>
<Column name="doctor_id" id="95337EA4-FBEC-9FFA-24AB-3E343CB9842A">
<createdBy>deepa</createdBy>
<createdTime>2019-05-01 06:32:43 UTC</createdTime>
<commentInRDBMS>Doctor ID - Primary key of DOCTOR entity</commentInRDBMS>
<generatorID>5346269A-F5F0-694D-10E1-ED7371C6E14A</generatorID>
<ownerDesignName>mh_oraclemodel</ownerDesignName>
<nullsAllowed>true</nullsAllowed>
<useDomainConstraints>false</useDomainConstraints>
<use>1</use>
<logicalDatatype>LOGDT019</logicalDatatype>
<dataTypePrecision>7</dataTypePrecision>
<ownDataTypeParameters>,,</ownDataTypeParameters>
<previousColumn>false</previousColumn>
<autoIncrementCycle>false</autoIncrementCycle>
<associations>
<colAssociation fkAssociation="9F3F6B10-8F89-5C9A-B9BB-CA34A8671DC7" referredColumn="B3EB90D1-AF6B-5C84-BB6E-B1FC00D53EA4"/>
</associations>
</Column>
</columns>
<indexes itemClass="oracle.dbtools.crest.model.design.relational.Index">
<ind_PK_UK id="83329265-E801-751F-87C2-D0D0B87B02B0" name="ADM_PRO_PK">
<createdBy>deepa</createdBy>
<createdTime>2019-05-01 06:32:43 UTC</createdTime>
<generatorID>CE4B12AF-66FD-DEB3-287A-48CB26C814D9</generatorID>
<ownerDesignName>mh_oraclemodel</ownerDesignName>
<pk>true</pk>
<indexState>Primary Constraint</indexState>
<isSurrogateKey>false</isSurrogateKey>
<indexColumnUsage>
<colUsage columnID="8C644222-013A-DEBF-258A-323D2DD42AA8"/>
</indexColumnUsage>
</ind_PK_UK>
<ind_PK_UK id="A9A2EE6F-4208-C90F-501B-408C992AA638" name="ADM_PRO_carr_out_on_adm_num_UN">
<createdBy>deepa</createdBy>
<createdTime>2019-05-01 06:32:43 UTC</createdTime>
<generatorID>00BE2821-ADA0-7277-7720-C63178A9EBE2</generatorID>
<ownerDesignName>mh_oraclemodel</ownerDesignName>
<indexState>Unique Constraint</indexState>
<isSurrogateKey>false</isSurrogateKey>
<indexColumnUsage>
<colUsage columnID="B865C1DE-36C3-800C-F0CB-2EF2A6F2CD4A"/>
<colUsage columnID="889B60A2-04CB-ACCC-8CF8-67E4AFAC7DD9"/>
</indexColumnUsage>
</ind_PK_UK>
<ind_PK_UK id="C1A4E2B5-28BA-5EE1-DE7A-9DAC2F8A2EB1" name="ADM_PRO_DOCTOR_FK">
<createdBy>deepa</createdBy>
<createdTime>2019-05-01 06:32:43 UTC</createdTime>
<generatorID>AB5850D1-57B9-E9C7-7AC0-39A731E6CDA1</generatorID>
<ownerDesignName>mh_oraclemodel</ownerDesignName>
<indexState>Foreign Key</indexState>
<isSurrogateKey>false</isSurrogateKey>
<indexColumnUsage>
<colUsage columnID="95337EA4-FBEC-9FFA-24AB-3E343CB9842A"/>
</indexColumnUsage>
</ind_PK_UK>
<ind_PK_UK id="3726D2C6-9BBF-1AEA-6C35-3CEB88B021B4" name="ADM_PRO_PROCEDURE_FK">
<createdBy>deepa</createdBy>
<createdTime>2019-05-01 06:32:43 UTC</createdTime>
<generatorID>A13EB9B4-8C55-EE6E-226E-1F3DB67499A5</generatorID>
<ownerDesignName>mh_oraclemodel</ownerDesignName>
<indexState>Foreign Key</indexState>
<isSurrogateKey>false</isSurrogateKey>
<indexColumnUsage>
<colUsage columnID="44D10272-ACA2-4248-3AD7-C4BEEFC0FB26"/>
</indexColumnUsage>
</ind_PK_UK>
<ind_PK_UK id="161864C9-2704-4E8A-3E4E-A8749D5A2B22" name="ADM_PRO_ADM_FK">
<createdBy>deepa</createdBy>
<createdTime>2019-05-01 06:32:43 UTC</createdTime>
<generatorID>793ADE38-FC83-5A24-A50F-545C06298CBD</generatorID>
<ownerDesignName>mh_oraclemodel</ownerDesignName>
<indexState>Foreign Key</indexState>
<isSurrogateKey>false</isSurrogateKey>
<indexColumnUsage>
<colUsage columnID="889B60A2-04CB-ACCC-8CF8-67E4AFAC7DD9"/>
</indexColumnUsage>
</ind_PK_UK>
<ind_PK_UK id="DFC2DFAC-1746-29B3-6B15-BBD190DDB5DC" name="ADM_PRO_DOCTOR_FKv2">
<createdBy>deepa</createdBy>
<createdTime>2019-05-01 06:32:43 UTC</createdTime>
<generatorID>E382D82E-C4CA-0FC7-ECA6-B42D6620D6EC</generatorID>
<ownerDesignName>mh_oraclemodel</ownerDesignName>
<indexState>Foreign Key</indexState>
<isSurrogateKey>false</isSurrogateKey>
<indexColumnUsage>
<colUsage columnID="DC4C8733-CD8F-9BC1-7E3B-A1C0DC53F578"/>
</indexColumnUsage>
</ind_PK_UK>
</indexes>
</Table>