<?xml version = '1.0' encoding = 'UTF-8'?>
<Table class="oracle.dbtools.crest.model.design.relational.Table" directorySegmentName="seg_0" id="815573E9-660E-E687-D319-61DBD75F4660" name="DOC_SPEC">
<createdBy>deepa</createdBy>
<createdTime>2019-05-01 06:32:43 UTC</createdTime>
<generatorID>3A62F7AD-C607-63FF-C6D7-3795CB52ECCD</generatorID>
<ownerDesignName>mh_oraclemodel</ownerDesignName>
<allowColumnReorder>false</allowColumnReorder>
<existDependencyGenerateInDDl>true</existDependencyGenerateInDDl>
<parsed>true</parsed>
<columns itemClass="oracle.dbtools.crest.model.design.relational.Column">
<Column name="doctor_id" id="4C5A3E46-B740-47AA-238D-5D49FAFE52AF">
<createdBy>deepa</createdBy>
<createdTime>2019-05-01 06:32:43 UTC</createdTime>
<commentInRDBMS>Doctor ID - Primary key of DOCTOR entity</commentInRDBMS>
<generatorID>336DCC54-20F8-EE3D-D188-A81F67BA57F1</generatorID>
<ownerDesignName>mh_oraclemodel</ownerDesignName>
<useDomainConstraints>false</useDomainConstraints>
<use>1</use>
<logicalDatatype>LOGDT019</logicalDatatype>
<dataTypePrecision>7</dataTypePrecision>
<ownDataTypeParameters>,,</ownDataTypeParameters>
<previousColumn>false</previousColumn>
<autoIncrementCycle>false</autoIncrementCycle>
<associations>
<colAssociation fkAssociation="CE2965CE-D8FC-6D5C-8401-CDA15DD46EE1" referredColumn="B3EB90D1-AF6B-5C84-BB6E-B1FC00D53EA4"/>
</associations>
</Column>
<Column name="specialisation" id="C878AD95-BCBF-D6E8-3A35-34D8586AC77E">
<createdBy>deepa</createdBy>
<createdTime>2019-05-01 06:32:43 UTC</createdTime>
<commentInRDBMS>Specialisation type</commentInRDBMS>
<generatorID>9F9AF099-7B39-F8F4-3B8A-BFD21928EE8E</generatorID>
<ownerDesignName>mh_oraclemodel</ownerDesignName>
<useDomainConstraints>false</useDomainConstraints>
<use>1</use>
<logicalDatatype>LOGDT024</logicalDatatype>
<dataTypeSize>50</dataTypeSize>
<ownDataTypeParameters>,,</ownDataTypeParameters>
<previousColumn>false</previousColumn>
<autoIncrementCycle>false</autoIncrementCycle>
<associations>
<colAssociation fkAssociation="5A507492-2D6C-D644-A36F-0A7F6EEC7A03" referredColumn="4B3F84B8-0E7D-13B4-7183-136B28D0B560"/>
</associations>
</Column>
</columns>
<indexes itemClass="oracle.dbtools.crest.model.design.relational.Index">
<ind_PK_UK id="48C6E23C-2A28-0A5D-BD42-0680C4400D64" name="DOC_SPEC_PK">
<createdBy>deepa</createdBy>
<createdTime>2019-05-01 06:32:43 UTC</createdTime>
<generatorID>54A8D093-AADF-D757-CD33-84F6F050883C</generatorID>
<ownerDesignName>mh_oraclemodel</ownerDesignName>
<pk>true</pk>
<indexState>Primary Constraint</indexState>
<isSurrogateKey>false</isSurrogateKey>
<indexColumnUsage>
<colUsage columnID="4C5A3E46-B740-47AA-238D-5D49FAFE52AF"/>
<colUsage columnID="C878AD95-BCBF-D6E8-3A35-34D8586AC77E"/>
</indexColumnUsage>
</ind_PK_UK>
<ind_PK_UK id="FE8953D2-E0B1-4698-0CE5-662F778C7428" name="DOC_SPEC_DOCTOR_FK">
<createdBy>deepa</createdBy>
<createdTime>2019-05-01 06:32:43 UTC</createdTime>
<generatorID>CC00AD18-1B87-9976-AD5A-60572D52CA8F</generatorID>
<ownerDesignName>mh_oraclemodel</ownerDesignName>
<indexState>Foreign Key</indexState>
<isSurrogateKey>false</isSurrogateKey>
<indexColumnUsage>
<colUsage columnID="4C5A3E46-B740-47AA-238D-5D49FAFE52AF"/>
</indexColumnUsage>
</ind_PK_UK>
<ind_PK_UK id="9B55053D-7955-53BD-042B-07F14AA9D744" name="DOC_SPEC_SPEC_FK">
<createdBy>deepa</createdBy>
<createdTime>2019-05-01 06:32:44 UTC</createdTime>
<generatorID>B48E43D5-227E-65B9-075D-136C17A27475</generatorID>
<ownerDesignName>mh_oraclemodel</ownerDesignName>
<indexState>Foreign Key</indexState>
<isSurrogateKey>false</isSurrogateKey>
<indexColumnUsage>
<colUsage columnID="C878AD95-BCBF-D6E8-3A35-34D8586AC77E"/>
</indexColumnUsage>
</ind_PK_UK>
</indexes>
</Table>