<?xml version = '1.0' encoding = 'UTF-8'?>
<Table class="oracle.dbtools.crest.model.design.relational.Table" directorySegmentName="seg_0" id="995CDB0D-D0C6-3037-CDFB-9D95954F2836" name="ITEM_REQ">
<createdBy>deepa</createdBy>
<createdTime>2019-05-01 06:32:43 UTC</createdTime>
<generatorID>D2B394F9-D45C-F77B-EAF5-297BE1AAB105</generatorID>
<ownerDesignName>mh_oraclemodel</ownerDesignName>
<allowColumnReorder>false</allowColumnReorder>
<existDependencyGenerateInDDl>true</existDependencyGenerateInDDl>
<parsed>true</parsed>
<columns itemClass="oracle.dbtools.crest.model.design.relational.Column">
<Column name="item_code" id="AAE0A2DC-94F0-F68E-E8BC-EDBE595826F5">
<createdBy>deepa</createdBy>
<createdTime>2019-05-01 06:32:43 UTC</createdTime>
<commentInRDBMS>Item code - Primary key of ITEM entity</commentInRDBMS>
<generatorID>5256F4F7-4198-AC79-BF39-6F07E165A783</generatorID>
<ownerDesignName>mh_oraclemodel</ownerDesignName>
<useDomainConstraints>false</useDomainConstraints>
<use>1</use>
<logicalDatatype>LOGDT024</logicalDatatype>
<dataTypeSize>10</dataTypeSize>
<ownDataTypeParameters>,,</ownDataTypeParameters>
<previousColumn>false</previousColumn>
<autoIncrementCycle>false</autoIncrementCycle>
<associations>
<colAssociation fkAssociation="0C36B1EB-5A3A-669C-E887-52D5794521B3" referredColumn="B385249E-2758-6CF8-3CFE-CC346E8CB5B8"/>
</associations>
</Column>
<Column name="adm_pro_num" id="1AD84974-F8EB-8975-046B-1617E88CD0A5">
<createdBy>deepa</createdBy>
<createdTime>2019-05-01 06:32:43 UTC</createdTime>
<commentInRDBMS>Admission_Procedure_number-Surrogate key for adm-pro entity</commentInRDBMS>
<generatorID>A342C68A-D443-5261-FF03-970CF107B529</generatorID>
<ownerDesignName>mh_oraclemodel</ownerDesignName>
<useDomainConstraints>false</useDomainConstraints>
<use>1</use>
<logicalDatatype>LOGDT019</logicalDatatype>
<dataTypePrecision>7</dataTypePrecision>
<ownDataTypeParameters>,,</ownDataTypeParameters>
<previousColumn>false</previousColumn>
<autoIncrementCycle>false</autoIncrementCycle>
<associations>
<colAssociation fkAssociation="23F67F94-0F49-425B-9F18-B92EEE13DF97" referredColumn="8C644222-013A-DEBF-258A-323D2DD42AA8"/>
</associations>
</Column>
<Column name="quantity" id="B3D94D9A-B2C7-EF0C-FD8B-BE498F49BDDB">
<createdBy>deepa</createdBy>
<createdTime>2019-05-01 06:32:43 UTC</createdTime>
<commentInRDBMS>Quantity of item used</commentInRDBMS>
<generatorID>1548FF9A-0DAD-6F33-4AFA-75729FB73691</generatorID>
<ownerDesignName>mh_oraclemodel</ownerDesignName>
<nullsAllowed>true</nullsAllowed>
<useDomainConstraints>false</useDomainConstraints>
<use>1</use>
<logicalDatatype>LOGDT019</logicalDatatype>
<dataTypePrecision>10</dataTypePrecision>
<ownDataTypeParameters>,10,</ownDataTypeParameters>
<autoIncrementCycle>false</autoIncrementCycle>
</Column>
<Column name="total_item_charge" id="6C45997A-84A5-CB8C-8D3C-CDB83F45D6D3">
<createdBy>deepa</createdBy>
<createdTime>2019-05-01 06:32:43 UTC</createdTime>
<commentInRDBMS>Charge of each type of item used</commentInRDBMS>
<generatorID>7C2194DE-FC59-0274-473F-16F330D15A05</generatorID>
<ownerDesignName>mh_oraclemodel</ownerDesignName>
<nullsAllowed>true</nullsAllowed>
<useDomainConstraints>false</useDomainConstraints>
<use>1</use>
<logicalDatatype>LOGDT019</logicalDatatype>
<dataTypePrecision>10</dataTypePrecision>
<dataTypeScale>2</dataTypeScale>
<ownDataTypeParameters>,10,2</ownDataTypeParameters>
<autoIncrementCycle>false</autoIncrementCycle>
</Column>
</columns>
<indexes itemClass="oracle.dbtools.crest.model.design.relational.Index">
<ind_PK_UK id="4A8D1D9C-5FFE-1345-F87F-2D6C4F500E56" name="ITEM_REQ_PK">
<createdBy>deepa</createdBy>
<createdTime>2019-05-01 06:32:43 UTC</createdTime>
<generatorID>B237AFE7-ACC4-997D-1DD1-57542660059F</generatorID>
<ownerDesignName>mh_oraclemodel</ownerDesignName>
<pk>true</pk>
<indexState>Primary Constraint</indexState>
<isSurrogateKey>false</isSurrogateKey>
<indexColumnUsage>
<colUsage columnID="AAE0A2DC-94F0-F68E-E8BC-EDBE595826F5"/>
<colUsage columnID="1AD84974-F8EB-8975-046B-1617E88CD0A5"/>
</indexColumnUsage>
</ind_PK_UK>
<ind_PK_UK id="EFEA2E4B-49D0-FA00-3701-2B245786605B" name="ITEM_REQ_ITEM_FK">
<createdBy>deepa</createdBy>
<createdTime>2019-05-01 06:32:44 UTC</createdTime>
<generatorID>8044AE28-0955-AC84-80DC-453ECF9B7D96</generatorID>
<ownerDesignName>mh_oraclemodel</ownerDesignName>
<indexState>Foreign Key</indexState>
<isSurrogateKey>false</isSurrogateKey>
<indexColumnUsage>
<colUsage columnID="AAE0A2DC-94F0-F68E-E8BC-EDBE595826F5"/>
</indexColumnUsage>
</ind_PK_UK>
<ind_PK_UK id="1BEDEE2D-CEA1-949B-8296-33E6D9C1BDCE" name="ITEM_REQ_ADM_PRO_FK">
<createdBy>deepa</createdBy>
<createdTime>2019-05-01 06:32:44 UTC</createdTime>
<generatorID>2B61C81D-C867-6725-34E9-1EB7590A5388</generatorID>
<ownerDesignName>mh_oraclemodel</ownerDesignName>
<indexState>Foreign Key</indexState>
<isSurrogateKey>false</isSurrogateKey>
<indexColumnUsage>
<colUsage columnID="1AD84974-F8EB-8975-046B-1617E88CD0A5"/>
</indexColumnUsage>
</ind_PK_UK>
</indexes>
</Table>