<?xml version = '1.0' encoding = 'UTF-8'?>
<Table class="oracle.dbtools.crest.model.design.relational.Table" directorySegmentName="seg_0" id="B6E81830-F65B-C9B0-4D64-348CA12C8D1B" name="WARD_ASSIGN">
<createdBy>deepa</createdBy>
<createdTime>2019-05-01 06:32:43 UTC</createdTime>
<generatorID>1AA2FB1A-2EF2-D0D5-7643-34EAA7B84AC8</generatorID>
<ownerDesignName>mh_oraclemodel</ownerDesignName>
<allowColumnReorder>false</allowColumnReorder>
<existDependencyGenerateInDDl>true</existDependencyGenerateInDDl>
<parsed>true</parsed>
<columns itemClass="oracle.dbtools.crest.model.design.relational.Column">
<Column name="nurse_id" id="ED337A3E-422B-989A-4385-FE10E37CC3A1">
<createdBy>deepa</createdBy>
<createdTime>2019-05-01 06:32:43 UTC</createdTime>
<commentInRDBMS>Nurse ID</commentInRDBMS>
<generatorID>3732A6AF-BACD-09B0-3855-997796A96EEA</generatorID>
<ownerDesignName>mh_oraclemodel</ownerDesignName>
<useDomainConstraints>false</useDomainConstraints>
<use>1</use>
<logicalDatatype>LOGDT019</logicalDatatype>
<dataTypePrecision>7</dataTypePrecision>
<ownDataTypeParameters>,,</ownDataTypeParameters>
<previousColumn>false</previousColumn>
<autoIncrementCycle>false</autoIncrementCycle>
<associations>
<colAssociation fkAssociation="2E9452CE-C0EB-4339-BCA6-F97258FD456E" referredColumn="EED77ABF-FBD3-E710-EB33-BA783032D4DF"/>
</associations>
</Column>
<Column name="ward_assigned_date" id="FE7B85E5-8DCF-C843-D442-DC9997DB55DA">
<createdBy>deepa</createdBy>
<createdTime>2019-05-01 06:32:43 UTC</createdTime>
<commentInRDBMS>Assignment date of ward</commentInRDBMS>
<generatorID>C926A21D-06A7-8A94-123F-6491F6D19D9D</generatorID>
<ownerDesignName>mh_oraclemodel</ownerDesignName>
<useDomainConstraints>false</useDomainConstraints>
<use>1</use>
<logicalDatatype>LOGDT007</logicalDatatype>
<ownDataTypeParameters>,,</ownDataTypeParameters>
<autoIncrementCycle>false</autoIncrementCycle>
</Column>
<Column name="ward_date_completed" id="AAB0DEB8-8BB2-E099-017C-92660B7AE0DE">
<createdBy>deepa</createdBy>
<createdTime>2019-05-01 06:32:43 UTC</createdTime>
<commentInRDBMS>Completion date of ward assignment</commentInRDBMS>
<generatorID>B093893F-46C5-54D9-5B7D-5B2B7C777C11</generatorID>
<ownerDesignName>mh_oraclemodel</ownerDesignName>
<useDomainConstraints>false</useDomainConstraints>
<use>1</use>
<logicalDatatype>LOGDT007</logicalDatatype>
<ownDataTypeParameters>,,</ownDataTypeParameters>
<autoIncrementCycle>false</autoIncrementCycle>
</Column>
<Column name="ward_code" id="20761932-F68B-BAD6-7B45-E5C098CD52A1">
<createdBy>deepa</createdBy>
<createdTime>2019-05-01 06:32:43 UTC</createdTime>
<commentInRDBMS>Ward code - Primary key</commentInRDBMS>
<generatorID>8F9E2D18-9F97-1322-CB07-B7162170EDBC</generatorID>
<ownerDesignName>mh_oraclemodel</ownerDesignName>
<useDomainConstraints>false</useDomainConstraints>
<use>1</use>
<logicalDatatype>LOGDT019</logicalDatatype>
<dataTypePrecision>7</dataTypePrecision>
<ownDataTypeParameters>,,</ownDataTypeParameters>
<previousColumn>false</previousColumn>
<autoIncrementCycle>false</autoIncrementCycle>
<associations>
<colAssociation fkAssociation="32B9F51A-2248-699C-085D-BED6E146650A" referredColumn="2EF33487-BAC1-F3E4-6C10-5C918EC2211E"/>
</associations>
</Column>
</columns>
<indexes itemClass="oracle.dbtools.crest.model.design.relational.Index">
<ind_PK_UK id="08F6A100-DE97-C0F7-BD56-1462C6D0B8CA" name="WARD_ASSIGN_PK">
<createdBy>deepa</createdBy>
<createdTime>2019-05-01 06:32:43 UTC</createdTime>
<generatorID>E78EE754-288C-936C-1FCD-157D8B589E42</generatorID>
<ownerDesignName>mh_oraclemodel</ownerDesignName>
<pk>true</pk>
<indexState>Primary Constraint</indexState>
<isSurrogateKey>false</isSurrogateKey>
<indexColumnUsage>
<colUsage columnID="ED337A3E-422B-989A-4385-FE10E37CC3A1"/>
<colUsage columnID="FE7B85E5-8DCF-C843-D442-DC9997DB55DA"/>
</indexColumnUsage>
</ind_PK_UK>
<ind_PK_UK id="89A600E0-E61C-380D-4A16-84BA5815E3B1" name="WARD_ASSIGN_NURSE_FK">
<createdBy>deepa</createdBy>
<createdTime>2019-05-01 06:32:44 UTC</createdTime>
<generatorID>72167E0C-C829-CA6A-A8C4-D9EEED67F245</generatorID>
<ownerDesignName>mh_oraclemodel</ownerDesignName>
<indexState>Foreign Key</indexState>
<isSurrogateKey>false</isSurrogateKey>
<indexColumnUsage>
<colUsage columnID="ED337A3E-422B-989A-4385-FE10E37CC3A1"/>
</indexColumnUsage>
</ind_PK_UK>
<ind_PK_UK id="04E5B730-569D-52D5-FD2C-FE338B8399CD" name="WARD_ASSIGN_WARD_FK">
<createdBy>deepa</createdBy>
<createdTime>2019-05-01 06:32:44 UTC</createdTime>
<generatorID>8A469B00-00F5-E944-B949-FDECD817080C</generatorID>
<ownerDesignName>mh_oraclemodel</ownerDesignName>
<indexState>Foreign Key</indexState>
<isSurrogateKey>false</isSurrogateKey>
<indexColumnUsage>
<colUsage columnID="20761932-F68B-BAD6-7B45-E5C098CD52A1"/>
</indexColumnUsage>
</ind_PK_UK>
</indexes>
</Table>