<?xml version = '1.0' encoding = 'UTF-8'?>
<Table class="oracle.dbtools.crest.model.design.relational.Table" directorySegmentName="seg_0" id="CB425D3E-E723-1E34-2764-14532F1477C9" name="NURSE">
<createdBy>deepa</createdBy>
<createdTime>2019-05-01 06:32:43 UTC</createdTime>
<generatorID>6CD7AFFB-809F-B428-FEA2-722B18180F98</generatorID>
<ownerDesignName>mh_oraclemodel</ownerDesignName>
<allowColumnReorder>false</allowColumnReorder>
<existDependencyGenerateInDDl>true</existDependencyGenerateInDDl>
<parsed>true</parsed>
<columns itemClass="oracle.dbtools.crest.model.design.relational.Column">
<Column name="nurse_id" id="EED77ABF-FBD3-E710-EB33-BA783032D4DF">
<createdBy>deepa</createdBy>
<createdTime>2019-05-01 06:32:43 UTC</createdTime>
<commentInRDBMS>Nurse ID</commentInRDBMS>
<generatorID>30B454D5-0337-C842-A445-28C100062BF4</generatorID>
<ownerDesignName>mh_oraclemodel</ownerDesignName>
<constraintName>nurse_id check</constraintName>
<useDomainConstraints>false</useDomainConstraints>
<use>1</use>
<logicalDatatype>LOGDT019</logicalDatatype>
<dataTypePrecision>7</dataTypePrecision>
<checkConstraint>
<implementationDef dbType="Oracle Database 11g" definition="nurse_id&gt;0"/>
</checkConstraint>
<ownDataTypeParameters>,7,</ownDataTypeParameters>
<autoIncrementColumn>true</autoIncrementColumn>
<autoIncrementCycle>false</autoIncrementCycle>
<autoIncrementGenerateTrigger>false</autoIncrementGenerateTrigger>
</Column>
<Column name="nurse_firstname" id="81EDF870-46AA-E048-167D-6F679FABC999">
<createdBy>deepa</createdBy>
<createdTime>2019-05-01 06:32:43 UTC</createdTime>
<commentInRDBMS>Nurse&apos;s first name</commentInRDBMS>
<generatorID>5A44C657-2C3D-7F2A-5713-B4B6A2D962F0</generatorID>
<ownerDesignName>mh_oraclemodel</ownerDesignName>
<useDomainConstraints>false</useDomainConstraints>
<use>1</use>
<logicalDatatype>LOGDT024</logicalDatatype>
<dataTypeSize>50</dataTypeSize>
<ownDataTypeParameters>50,,</ownDataTypeParameters>
<autoIncrementCycle>false</autoIncrementCycle>
</Column>
<Column name="nurse_lastname" id="EE7A64F0-C9F8-4DA1-C4B4-EA0A0089A448">
<createdBy>deepa</createdBy>
<createdTime>2019-05-01 06:32:43 UTC</createdTime>
<commentInRDBMS>Nurse&apos;s last name</commentInRDBMS>
<generatorID>0D9DD5EC-9BE5-D00F-AA21-36D517750B02</generatorID>
<ownerDesignName>mh_oraclemodel</ownerDesignName>
<useDomainConstraints>false</useDomainConstraints>
<use>1</use>
<logicalDatatype>LOGDT024</logicalDatatype>
<dataTypeSize>50</dataTypeSize>
<ownDataTypeParameters>50,,</ownDataTypeParameters>
<autoIncrementCycle>false</autoIncrementCycle>
</Column>
<Column name="nurse_contact" id="7456D20E-0A96-83F9-CFBA-5007005899D0">
<createdBy>deepa</createdBy>
<createdTime>2019-05-01 06:32:43 UTC</createdTime>
<commentInRDBMS>Nurse&apos;s contact number</commentInRDBMS>
<generatorID>50408757-DEB3-C844-4DFA-1AA41B60A1D5</generatorID>
<ownerDesignName>mh_oraclemodel</ownerDesignName>
<useDomainConstraints>false</useDomainConstraints>
<use>1</use>
<logicalDatatype>LOGDT019</logicalDatatype>
<dataTypePrecision>12</dataTypePrecision>
<ownDataTypeParameters>,12,</ownDataTypeParameters>
<autoIncrementCycle>false</autoIncrementCycle>
</Column>
<Column name="nurse_certified" id="C7050484-0561-6B45-E3C3-CE3B52FA83B9">
<createdBy>deepa</createdBy>
<createdTime>2019-05-01 06:32:43 UTC</createdTime>
<commentInRDBMS>Nurse certified for work with children</commentInRDBMS>
<generatorID>2A2E080F-1C29-B61B-1C08-B061DDAEC30E</generatorID>
<ownerDesignName>mh_oraclemodel</ownerDesignName>
<constraintName>Nurse Certification</constraintName>
<useDomainConstraints>false</useDomainConstraints>
<use>1</use>
<logicalDatatype>LOGDT025</logicalDatatype>
<dataTypeSize>3</dataTypeSize>
<listOfValues>
<valueDef value="No" description="Nurse is not certified"/>
<valueDef value="Yes" description="Nurse is certified"/>
</listOfValues>
<ownDataTypeParameters>3,,</ownDataTypeParameters>
<autoIncrementCycle>false</autoIncrementCycle>
</Column>
</columns>
<indexes itemClass="oracle.dbtools.crest.model.design.relational.Index">
<ind_PK_UK id="D6E63F92-FCB5-4741-ABF2-E55D7DBF8FE8" name="NURSE_PK">
<createdBy>deepa</createdBy>
<createdTime>2019-05-01 06:32:43 UTC</createdTime>
<generatorID>D5D916D0-B9F2-4D72-9E96-80F8C0D8A3EC</generatorID>
<ownerDesignName>mh_oraclemodel</ownerDesignName>
<pk>true</pk>
<indexState>Primary Constraint</indexState>
<isSurrogateKey>false</isSurrogateKey>
<indexColumnUsage>
<colUsage columnID="EED77ABF-FBD3-E710-EB33-BA783032D4DF"/>
</indexColumnUsage>
</ind_PK_UK>
</indexes>
</Table>