<?xml version = '1.0' encoding = 'UTF-8'?>
<Table class="oracle.dbtools.crest.model.design.relational.Table" directorySegmentName="seg_0" id="D9EAA995-502A-5C98-BB4F-ACF9B66EAAFB" name="ITEM">
<createdBy>deepa</createdBy>
<createdTime>2019-05-01 06:32:43 UTC</createdTime>
<generatorID>397B9696-3157-6051-ECC9-632F55F4F40E</generatorID>
<ownerDesignName>mh_oraclemodel</ownerDesignName>
<allowColumnReorder>false</allowColumnReorder>
<existDependencyGenerateInDDl>true</existDependencyGenerateInDDl>
<parsed>true</parsed>
<columns itemClass="oracle.dbtools.crest.model.design.relational.Column">
<Column name="item_code" id="B385249E-2758-6CF8-3CFE-CC346E8CB5B8">
<createdBy>deepa</createdBy>
<createdTime>2019-05-01 06:32:43 UTC</createdTime>
<commentInRDBMS>Item code - Primary key of ITEM entity</commentInRDBMS>
<generatorID>75E39E49-CCAD-9730-3A60-F21E03600FBE</generatorID>
<ownerDesignName>mh_oraclemodel</ownerDesignName>
<useDomainConstraints>false</useDomainConstraints>
<use>1</use>
<logicalDatatype>LOGDT024</logicalDatatype>
<dataTypeSize>10</dataTypeSize>
<ownDataTypeParameters>10,,</ownDataTypeParameters>
<autoIncrementCycle>false</autoIncrementCycle>
</Column>
<Column name="item_description" id="03484C2E-2CE7-C2FE-EFE0-5FCA573B2BF6">
<createdBy>deepa</createdBy>
<createdTime>2019-05-01 06:32:43 UTC</createdTime>
<commentInRDBMS>Description of item</commentInRDBMS>
<generatorID>38CBC8F0-362A-DC90-5FC9-85BA7C8450F5</generatorID>
<ownerDesignName>mh_oraclemodel</ownerDesignName>
<useDomainConstraints>false</useDomainConstraints>
<use>1</use>
<logicalDatatype>LOGDT024</logicalDatatype>
<dataTypeSize>50</dataTypeSize>
<ownDataTypeParameters>50,,</ownDataTypeParameters>
<autoIncrementCycle>false</autoIncrementCycle>
</Column>
<Column name="current_stock" id="A2D61072-A1A0-5EFC-115B-627C13BFD320">
<createdBy>deepa</createdBy>
<createdTime>2019-05-01 06:32:43 UTC</createdTime>
<commentInRDBMS>Current available stock of item</commentInRDBMS>
<generatorID>386643EC-56C5-0059-47B4-559110DD1130</generatorID>
<ownerDesignName>mh_oraclemodel</ownerDesignName>
<useDomainConstraints>false</useDomainConstraints>
<use>1</use>
<logicalDatatype>LOGDT019</logicalDatatype>
<dataTypePrecision>20</dataTypePrecision>
<ownDataTypeParameters>,20,</ownDataTypeParameters>
<autoIncrementCycle>false</autoIncrementCycle>
</Column>
<Column name="price" id="6B36C984-C702-A71A-A18C-951C1791AEA5">
<createdBy>deepa</createdBy>
<createdTime>2019-05-01 06:32:43 UTC</createdTime>
<commentInRDBMS>Price of item</commentInRDBMS>
<generatorID>E840FCEC-24E1-20D7-38EB-FB58FDDF4096</generatorID>
<ownerDesignName>mh_oraclemodel</ownerDesignName>
<useDomainConstraints>false</useDomainConstraints>
<use>1</use>
<logicalDatatype>LOGDT019</logicalDatatype>
<dataTypePrecision>10</dataTypePrecision>
<dataTypeScale>2</dataTypeScale>
<ownDataTypeParameters>,10,2</ownDataTypeParameters>
<autoIncrementCycle>false</autoIncrementCycle>
</Column>
<Column name="cost_centre_code" id="9D78EE6C-7F90-3A29-FAAD-C7A034A1C5ED">
<createdBy>deepa</createdBy>
<createdTime>2019-05-01 06:32:43 UTC</createdTime>
<commentInRDBMS>Cost centre code - Primery key of the entity</commentInRDBMS>
<generatorID>CF2DD2F7-2634-1AA0-993E-2C21DFCA7E01</generatorID>
<ownerDesignName>mh_oraclemodel</ownerDesignName>
<useDomainConstraints>false</useDomainConstraints>
<use>1</use>
<logicalDatatype>LOGDT019</logicalDatatype>
<dataTypePrecision>7</dataTypePrecision>
<ownDataTypeParameters>,,</ownDataTypeParameters>
<previousColumn>false</previousColumn>
<autoIncrementCycle>false</autoIncrementCycle>
<associations>
<colAssociation fkAssociation="7E693D8D-3346-73AC-EDA7-66E4C6931702" referredColumn="0A452FD7-0F18-4F73-518C-8C02AEB7E67B"/>
</associations>
</Column>
</columns>
<indexes itemClass="oracle.dbtools.crest.model.design.relational.Index">
<ind_PK_UK id="383A8BB6-9961-6D86-F84E-192FAED73CC4" name="ITEM_PK">
<createdBy>deepa</createdBy>
<createdTime>2019-05-01 06:32:43 UTC</createdTime>
<generatorID>1A8FD504-FB14-DA15-C1FD-777C2CBA86AA</generatorID>
<ownerDesignName>mh_oraclemodel</ownerDesignName>
<pk>true</pk>
<indexState>Primary Constraint</indexState>
<isSurrogateKey>false</isSurrogateKey>
<indexColumnUsage>
<colUsage columnID="B385249E-2758-6CF8-3CFE-CC346E8CB5B8"/>
</indexColumnUsage>
</ind_PK_UK>
<ind_PK_UK id="C83894B7-112F-70AA-7EAF-2A700CEEC817" name="ITEM_COST_CENTRE_FK">
<createdBy>deepa</createdBy>
<createdTime>2019-05-01 06:32:44 UTC</createdTime>
<generatorID>06C0A7B9-160E-12F6-D46A-8A8552EE20F6</generatorID>
<ownerDesignName>mh_oraclemodel</ownerDesignName>
<indexState>Foreign Key</indexState>
<isSurrogateKey>false</isSurrogateKey>
<indexColumnUsage>
<colUsage columnID="9D78EE6C-7F90-3A29-FAAD-C7A034A1C5ED"/>
</indexColumnUsage>
</ind_PK_UK>
</indexes>
</Table>