<?xml version = '1.0' encoding = 'UTF-8'?>
<Table class="oracle.dbtools.crest.model.design.relational.Table" directorySegmentName="seg_0" id="DFE2D57A-E445-9A7A-D16C-EF264D588D9B" name="BED_ASSIGN">
<createdBy>deepa</createdBy>
<createdTime>2019-05-01 06:32:43 UTC</createdTime>
<generatorID>205AD5BC-92B0-E02D-684C-1550818B72E7</generatorID>
<ownerDesignName>mh_oraclemodel</ownerDesignName>
<allowColumnReorder>false</allowColumnReorder>
<existDependencyGenerateInDDl>true</existDependencyGenerateInDDl>
<parsed>true</parsed>
<columns itemClass="oracle.dbtools.crest.model.design.relational.Column">
<Column name="adm_num" id="588F7EE3-67E8-D330-E0D5-A571B0C7C11B">
<createdBy>deepa</createdBy>
<createdTime>2019-05-01 06:32:43 UTC</createdTime>
<commentInRDBMS>Admission number-Surrogate key for admission entity</commentInRDBMS>
<generatorID>92EF9059-F9D2-6B7B-003B-C2B63C2F6144</generatorID>
<ownerDesignName>mh_oraclemodel</ownerDesignName>
<useDomainConstraints>false</useDomainConstraints>
<use>1</use>
<logicalDatatype>LOGDT019</logicalDatatype>
<dataTypePrecision>7</dataTypePrecision>
<ownDataTypeParameters>,,</ownDataTypeParameters>
<previousColumn>false</previousColumn>
<autoIncrementCycle>false</autoIncrementCycle>
<associations>
<colAssociation fkAssociation="E952F809-C543-25FB-A389-FB69196CEC6C" referredColumn="0054B072-CCFF-220F-70B8-DB566F52B0DD"/>
</associations>
</Column>
<Column name="bed_assignment_date_time" id="076B4A6C-B5F2-E3B3-7D59-82950890F244">
<createdBy>deepa</createdBy>
<createdTime>2019-05-01 06:32:43 UTC</createdTime>
<commentInRDBMS>Bed assignment date and time</commentInRDBMS>
<generatorID>620017F3-90D5-B15D-5A76-577311BAF98C</generatorID>
<ownerDesignName>mh_oraclemodel</ownerDesignName>
<useDomainConstraints>false</useDomainConstraints>
<use>1</use>
<logicalDatatype>LOGDT007</logicalDatatype>
<ownDataTypeParameters>,,</ownDataTypeParameters>
<autoIncrementCycle>false</autoIncrementCycle>
</Column>
<Column name="ward_code" id="C5A3AAF4-5F5B-257D-32A4-CF0846D863C5">
<createdBy>deepa</createdBy>
<createdTime>2019-05-01 06:32:43 UTC</createdTime>
<commentInRDBMS>Ward code - Primary key</commentInRDBMS>
<generatorID>84E23B64-DD14-FA3D-7280-DCA17AE45EA9</generatorID>
<ownerDesignName>mh_oraclemodel</ownerDesignName>
<useDomainConstraints>false</useDomainConstraints>
<use>1</use>
<logicalDatatype>LOGDT019</logicalDatatype>
<dataTypePrecision>7</dataTypePrecision>
<ownDataTypeParameters>,,</ownDataTypeParameters>
<previousColumn>false</previousColumn>
<autoIncrementCycle>false</autoIncrementCycle>
<associations>
<colAssociation fkAssociation="B1120BBC-BED2-18DB-71AD-9D8D037E3345" referredColumn="C65233D1-38CC-2236-41B7-431F0B79C352"/>
</associations>
</Column>
<Column name="bed_number" id="D85186F3-F831-F6D5-E3D5-3ED976D45751">
<createdBy>deepa</createdBy>
<createdTime>2019-05-01 06:32:43 UTC</createdTime>
<commentInRDBMS>Bed number</commentInRDBMS>
<generatorID>1CDC20A4-F834-910A-AA63-23B1FC01E961</generatorID>
<ownerDesignName>mh_oraclemodel</ownerDesignName>
<useDomainConstraints>false</useDomainConstraints>
<use>1</use>
<logicalDatatype>LOGDT019</logicalDatatype>
<dataTypePrecision>7</dataTypePrecision>
<ownDataTypeParameters>,,</ownDataTypeParameters>
<previousColumn>false</previousColumn>
<autoIncrementCycle>false</autoIncrementCycle>
<associations>
<colAssociation fkAssociation="B1120BBC-BED2-18DB-71AD-9D8D037E3345" referredColumn="1F39FD3A-2308-2B53-2436-7BC74F3E5785"/>
</associations>
</Column>
</columns>
<indexes itemClass="oracle.dbtools.crest.model.design.relational.Index">
<ind_PK_UK id="BCF8B3B0-0B5A-508C-D7DE-D8F956AA59EE" name="BED_ASSIGN_PK">
<createdBy>deepa</createdBy>
<createdTime>2019-05-01 06:32:43 UTC</createdTime>
<generatorID>222B8746-F956-94CC-CC65-68A766730EFB</generatorID>
<ownerDesignName>mh_oraclemodel</ownerDesignName>
<pk>true</pk>
<indexState>Primary Constraint</indexState>
<isSurrogateKey>false</isSurrogateKey>
<indexColumnUsage>
<colUsage columnID="076B4A6C-B5F2-E3B3-7D59-82950890F244"/>
<colUsage columnID="588F7EE3-67E8-D330-E0D5-A571B0C7C11B"/>
</indexColumnUsage>
</ind_PK_UK>
<ind_PK_UK id="70834E9C-4704-1E43-80DC-E1C180102F41" name="BED_ASSIGN_ADM_FK">
<createdBy>deepa</createdBy>
<createdTime>2019-05-01 06:32:43 UTC</createdTime>
<generatorID>A0DA54A4-C907-0DAB-5776-7D687A6010CD</generatorID>
<ownerDesignName>mh_oraclemodel</ownerDesignName>
<indexState>Foreign Key</indexState>
<isSurrogateKey>false</isSurrogateKey>
<indexColumnUsage>
<colUsage columnID="588F7EE3-67E8-D330-E0D5-A571B0C7C11B"/>
</indexColumnUsage>
</ind_PK_UK>
<ind_PK_UK id="3E5A1FED-09F1-8A60-695B-485D98E160DD" name="BED_ASSIGN_BED_FK">
<createdBy>deepa</createdBy>
<createdTime>2019-05-01 06:32:43 UTC</createdTime>
<generatorID>5819D9D3-83A9-FB02-1EDC-6F1B540CAAA9</generatorID>
<ownerDesignName>mh_oraclemodel</ownerDesignName>
<indexState>Foreign Key</indexState>
<isSurrogateKey>false</isSurrogateKey>
<indexColumnUsage>
<colUsage columnID="C5A3AAF4-5F5B-257D-32A4-CF0846D863C5"/>
<colUsage columnID="D85186F3-F831-F6D5-E3D5-3ED976D45751"/>
</indexColumnUsage>
</ind_PK_UK>
</indexes>
</Table>