<?xml version = '1.0' encoding = 'UTF-8'?>
<Relation class="oracle.dbtools.crest.model.design.logical.Relation" name="Item-Cost centre" directorySegmentName="seg_0" id="06C0A7B9-160E-12F6-D46A-8A8552EE20F6">
<createdBy>deepa</createdBy>
<createdTime>2019-04-29 16:04:17 UTC</createdTime>
<ownerDesignName>mh_oraclemodel</ownerDesignName>
<engineerTo>
<item key="780818F7-05C7-D5A4-2847-E8895712CF35" value="true"/>
</engineerTo>
<sourcePk>B2903E58-D1B7-43D5-CE67-534A9080E63C</sourcePk>
<identifying>false</identifying>
<nameOnSource>assigned to</nameOnSource>
<optionalSource>true</optionalSource>
<optionalTarget>false</optionalTarget>
<sourceCardinality>1</sourceCardinality>
<sourceEntity>45F34169-7A5A-5327-FAF0-AA269619E9BA</sourceEntity>
<targetCardinalityString>*</targetCardinalityString>
<targetEntity>397B9696-3157-6051-ECC9-632F55F4F40E</targetEntity>
<transferable>true</transferable>
</Relation>