<?xml version = '1.0' encoding = 'UTF-8'?>
<Relation class="oracle.dbtools.crest.model.design.logical.Relation" name="Patient-admission" directorySegmentName="seg_0" id="1EC78DA0-A818-D77B-B14A-34C68008C22E">
<createdBy>deepa</createdBy>
<createdTime>2019-04-29 14:21:50 UTC</createdTime>
<ownerDesignName>mh_oraclemodel</ownerDesignName>
<engineerTo>
<item key="780818F7-05C7-D5A4-2847-E8895712CF35" value="true"/>
</engineerTo>
<sourcePk>1D77AA3D-DFF2-89DB-E086-ADEDCE836D97</sourcePk>
<identifying>true</identifying>
<nameOnSource>gets</nameOnSource>
<optionalSource>true</optionalSource>
<optionalTarget>false</optionalTarget>
<sourceCardinality>1</sourceCardinality>
<sourceEntity>07E629E8-5A1A-6B93-05DF-1BD0FCF38271</sourceEntity>
<targetCardinalityString>*</targetCardinalityString>
<targetEntity>BB66E0D0-0700-CE1E-11F4-9B68419C8AE3</targetEntity>
<transferable>true</transferable>
</Relation>