<?xml version = '1.0' encoding = 'UTF-8'?>
<Relation class="oracle.dbtools.crest.model.design.logical.Relation" name="Procedure-Item" directorySegmentName="seg_0" id="2B61C81D-C867-6725-34E9-1EB7590A5388">
<createdBy>deepa</createdBy>
<createdTime>2019-04-29 15:58:55 UTC</createdTime>
<ownerDesignName>mh_oraclemodel</ownerDesignName>
<engineerTo>
<item key="780818F7-05C7-D5A4-2847-E8895712CF35" value="true"/>
</engineerTo>
<sourcePk>CE4B12AF-66FD-DEB3-287A-48CB26C814D9</sourcePk>
<identifying>true</identifying>
<nameOnSource>requires</nameOnSource>
<optionalSource>true</optionalSource>
<optionalTarget>false</optionalTarget>
<sourceCardinality>1</sourceCardinality>
<sourceEntity>92E3453A-2C16-6CDA-17A6-DD898BF5F8B1</sourceEntity>
<targetCardinalityString>*</targetCardinalityString>
<targetEntity>D2B394F9-D45C-F77B-EAF5-297BE1AAB105</targetEntity>
<transferable>true</transferable>
</Relation>