<?xml version = '1.0' encoding = 'UTF-8'?>
<Relation class="oracle.dbtools.crest.model.design.logical.Relation" name="Doc-Admission" directorySegmentName="seg_0" id="34BE37CA-3F74-E045-CCEE-8D5CC81AA2D2">
<createdBy>deepa</createdBy>
<createdTime>2019-04-29 14:36:31 UTC</createdTime>
<ownerDesignName>mh_oraclemodel</ownerDesignName>
<engineerTo>
<item key="780818F7-05C7-D5A4-2847-E8895712CF35" value="true"/>
</engineerTo>
<sourcePk>A53696E5-561F-5355-C14B-45630277B0E8</sourcePk>
<identifying>false</identifying>
<nameOnSource>supervises</nameOnSource>
<optionalSource>true</optionalSource>
<optionalTarget>false</optionalTarget>
<sourceCardinality>1</sourceCardinality>
<sourceEntity>E6E15FF8-A928-1AD7-BDAB-5D811554CCEA</sourceEntity>
<targetCardinalityString>*</targetCardinalityString>
<targetEntity>BB66E0D0-0700-CE1E-11F4-9B68419C8AE3</targetEntity>
<transferable>true</transferable>
</Relation>