<?xml version = '1.0' encoding = 'UTF-8'?>
<Relation class="oracle.dbtools.crest.model.design.logical.Relation" name="Bed assignment" directorySegmentName="seg_0" id="5819D9D3-83A9-FB02-1EDC-6F1B540CAAA9">
<createdBy>deepa</createdBy>
<createdTime>2019-04-29 15:34:59 UTC</createdTime>
<ownerDesignName>mh_oraclemodel</ownerDesignName>
<engineerTo>
<item key="780818F7-05C7-D5A4-2847-E8895712CF35" value="true"/>
</engineerTo>
<sourcePk>4877D704-50E5-683C-DC12-E06E52433099</sourcePk>
<identifying>false</identifying>
<nameOnSource>has</nameOnSource>
<optionalSource>true</optionalSource>
<optionalTarget>false</optionalTarget>
<sourceCardinality>1</sourceCardinality>
<sourceEntity>3A9004BA-434E-4DA3-8C6C-64843FA2990E</sourceEntity>
<targetCardinalityString>*</targetCardinalityString>
<targetEntity>205AD5BC-92B0-E02D-684C-1550818B72E7</targetEntity>
<transferable>true</transferable>
</Relation>