<?xml version = '1.0' encoding = 'UTF-8'?>
<Relation class="oracle.dbtools.crest.model.design.logical.Relation" name="Nurse assignment" directorySegmentName="seg_0" id="72167E0C-C829-CA6A-A8C4-D9EEED67F245">
<createdBy>deepa</createdBy>
<createdTime>2019-04-29 14:22:53 UTC</createdTime>
<ownerDesignName>mh_oraclemodel</ownerDesignName>
<engineerTo>
<item key="780818F7-05C7-D5A4-2847-E8895712CF35" value="true"/>
</engineerTo>
<sourcePk>D5D916D0-B9F2-4D72-9E96-80F8C0D8A3EC</sourcePk>
<identifying>true</identifying>
<nameOnSource>assigned to</nameOnSource>
<optionalSource>false</optionalSource>
<optionalTarget>false</optionalTarget>
<sourceCardinality>1</sourceCardinality>
<sourceEntity>6CD7AFFB-809F-B428-FEA2-722B18180F98</sourceEntity>
<targetCardinalityString>*</targetCardinalityString>
<targetEntity>1AA2FB1A-2EF2-D0D5-7643-34EAA7B84AC8</targetEntity>
<transferable>true</transferable>
</Relation>