<?xml version = '1.0' encoding = 'UTF-8'?>
<Relation class="oracle.dbtools.crest.model.design.logical.Relation" name="Admission procedurev2" directorySegmentName="seg_0" id="793ADE38-FC83-5A24-A50F-545C06298CBD">
<createdBy>deepa</createdBy>
<createdTime>2019-04-29 15:44:28 UTC</createdTime>
<ownerDesignName>mh_oraclemodel</ownerDesignName>
<engineerTo>
<item key="780818F7-05C7-D5A4-2847-E8895712CF35" value="true"/>
</engineerTo>
<sourcePk>DE0F1C76-8FF2-9A79-AFA9-A26A061A92CE</sourcePk>
<identifying>false</identifying>
<nameOnSource>prescribed</nameOnSource>
<optionalSource>true</optionalSource>
<optionalTarget>false</optionalTarget>
<sourceCardinality>1</sourceCardinality>
<sourceEntity>BB66E0D0-0700-CE1E-11F4-9B68419C8AE3</sourceEntity>
<targetCardinalityString>*</targetCardinalityString>
<targetEntity>92E3453A-2C16-6CDA-17A6-DD898BF5F8B1</targetEntity>
<transferable>true</transferable>
</Relation>