<?xml version = '1.0' encoding = 'UTF-8'?>
<Relation class="oracle.dbtools.crest.model.design.logical.Relation" name="Item used" directorySegmentName="seg_0" id="8044AE28-0955-AC84-80DC-453ECF9B7D96">
<createdBy>deepa</createdBy>
<createdTime>2019-04-29 16:01:46 UTC</createdTime>
<ownerDesignName>mh_oraclemodel</ownerDesignName>
<engineerTo>
<item key="780818F7-05C7-D5A4-2847-E8895712CF35" value="true"/>
</engineerTo>
<sourcePk>1A8FD504-FB14-DA15-C1FD-777C2CBA86AA</sourcePk>
<identifying>true</identifying>
<nameOnSource>used</nameOnSource>
<optionalSource>false</optionalSource>
<optionalTarget>false</optionalTarget>
<sourceCardinality>1</sourceCardinality>
<sourceEntity>397B9696-3157-6051-ECC9-632F55F4F40E</sourceEntity>
<targetCardinalityString>*</targetCardinalityString>
<targetEntity>D2B394F9-D45C-F77B-EAF5-297BE1AAB105</targetEntity>
<transferable>true</transferable>
</Relation>