<?xml version = '1.0' encoding = 'UTF-8'?>
<Relation class="oracle.dbtools.crest.model.design.logical.Relation" name="Ward assignment" directorySegmentName="seg_0" id="8A469B00-00F5-E944-B949-FDECD817080C">
<createdBy>deepa</createdBy>
<createdTime>2019-04-29 14:43:39 UTC</createdTime>
<ownerDesignName>mh_oraclemodel</ownerDesignName>
<engineerTo>
<item key="780818F7-05C7-D5A4-2847-E8895712CF35" value="true"/>
</engineerTo>
<sourcePk>8931ACE6-143F-9997-A272-550B5895B3C2</sourcePk>
<identifying>false</identifying>
<nameOnSource>has</nameOnSource>
<optionalSource>true</optionalSource>
<optionalTarget>false</optionalTarget>
<sourceCardinality>1</sourceCardinality>
<sourceEntity>A1017960-7B13-67D3-ED1A-DB4320B8A85D</sourceEntity>
<targetCardinalityString>*</targetCardinalityString>
<targetEntity>1AA2FB1A-2EF2-D0D5-7643-34EAA7B84AC8</targetEntity>
<transferable>true</transferable>
</Relation>