<?xml version = '1.0' encoding = 'UTF-8'?>
<Relation class="oracle.dbtools.crest.model.design.logical.Relation" name="Admission bed assignment" directorySegmentName="seg_0" id="A0DA54A4-C907-0DAB-5776-7D687A6010CD">
<createdBy>deepa</createdBy>
<createdTime>2019-04-29 15:32:56 UTC</createdTime>
<ownerDesignName>mh_oraclemodel</ownerDesignName>
<engineerTo>
<item key="780818F7-05C7-D5A4-2847-E8895712CF35" value="true"/>
</engineerTo>
<sourcePk>DE0F1C76-8FF2-9A79-AFA9-A26A061A92CE</sourcePk>
<identifying>true</identifying>
<nameOnSource>assigned to</nameOnSource>
<optionalSource>false</optionalSource>
<optionalTarget>false</optionalTarget>
<sourceCardinality>1</sourceCardinality>
<sourceEntity>BB66E0D0-0700-CE1E-11F4-9B68419C8AE3</sourceEntity>
<targetCardinalityString>*</targetCardinalityString>
<targetEntity>205AD5BC-92B0-E02D-684C-1550818B72E7</targetEntity>
<transferable>true</transferable>
</Relation>