<?xml version = '1.0' encoding = 'UTF-8'?>
<Relation class="oracle.dbtools.crest.model.design.logical.Relation" name="Admission procedure" directorySegmentName="seg_0" id="A13EB9B4-8C55-EE6E-226E-1F3DB67499A5">
<createdBy>deepa</createdBy>
<createdTime>2019-04-29 14:45:06 UTC</createdTime>
<ownerDesignName>mh_oraclemodel</ownerDesignName>
<engineerTo>
<item key="780818F7-05C7-D5A4-2847-E8895712CF35" value="true"/>
</engineerTo>
<sourcePk>C0B917E7-5693-C8B4-1DC4-EF220EA01A5E</sourcePk>
<identifying>false</identifying>
<nameOnSource>is carried out</nameOnSource>
<optionalSource>true</optionalSource>
<optionalTarget>false</optionalTarget>
<sourceCardinality>1</sourceCardinality>
<sourceEntity>6525C96B-5282-65DD-AD0B-68060C27F0C4</sourceEntity>
<targetCardinalityString>*</targetCardinalityString>
<targetEntity>92E3453A-2C16-6CDA-17A6-DD898BF5F8B1</targetEntity>
<transferable>true</transferable>
</Relation>