<?xml version = '1.0' encoding = 'UTF-8'?>
<Relation class="oracle.dbtools.crest.model.design.logical.Relation" name="Admission performed by" directorySegmentName="seg_0" id="AB5850D1-57B9-E9C7-7AC0-39A731E6CDA1">
<createdBy>deepa</createdBy>
<createdTime>2019-04-29 15:48:06 UTC</createdTime>
<ownerDesignName>mh_oraclemodel</ownerDesignName>
<engineerTo>
<item key="780818F7-05C7-D5A4-2847-E8895712CF35" value="true"/>
</engineerTo>
<sourcePk>A53696E5-561F-5355-C14B-45630277B0E8</sourcePk>
<identifying>false</identifying>
<nameOnSource>carries out</nameOnSource>
<optionalSource>true</optionalSource>
<optionalTarget>true</optionalTarget>
<sourceCardinality>1</sourceCardinality>
<sourceEntity>E6E15FF8-A928-1AD7-BDAB-5D811554CCEA</sourceEntity>
<targetCardinalityString>*</targetCardinalityString>
<targetEntity>92E3453A-2C16-6CDA-17A6-DD898BF5F8B1</targetEntity>
<transferable>true</transferable>
</Relation>