<?xml version = '1.0' encoding = 'UTF-8'?>
<Relation class="oracle.dbtools.crest.model.design.logical.Relation" name="Specialisation" directorySegmentName="seg_0" id="B48E43D5-227E-65B9-075D-136C17A27475">
<createdBy>deepa</createdBy>
<createdTime>2019-04-29 14:16:39 UTC</createdTime>
<ownerDesignName>mh_oraclemodel</ownerDesignName>
<engineerTo>
<item key="780818F7-05C7-D5A4-2847-E8895712CF35" value="true"/>
</engineerTo>
<sourcePk>118AEFAC-CDB0-62D5-0A86-95734B0D2723</sourcePk>
<identifying>true</identifying>
<nameOnSource>have</nameOnSource>
<optionalSource>true</optionalSource>
<optionalTarget>false</optionalTarget>
<sourceCardinality>1</sourceCardinality>
<sourceEntity>0BACDF60-752B-2775-D887-894A0F51AFB0</sourceEntity>
<targetCardinalityString>*</targetCardinalityString>
<targetEntity>3A62F7AD-C607-63FF-C6D7-3795CB52ECCD</targetEntity>
<transferable>true</transferable>
</Relation>