<?xml version = '1.0' encoding = 'UTF-8'?>
<Relation class="oracle.dbtools.crest.model.design.logical.Relation" name="Doc-Specialisation" directorySegmentName="seg_0" id="CC00AD18-1B87-9976-AD5A-60572D52CA8F">
<createdBy>deepa</createdBy>
<createdTime>2019-04-29 14:14:47 UTC</createdTime>
<ownerDesignName>mh_oraclemodel</ownerDesignName>
<engineerTo>
<item key="780818F7-05C7-D5A4-2847-E8895712CF35" value="true"/>
</engineerTo>
<sourcePk>A53696E5-561F-5355-C14B-45630277B0E8</sourcePk>
<identifying>true</identifying>
<nameOnSource>has</nameOnSource>
<optionalSource>true</optionalSource>
<optionalTarget>false</optionalTarget>
<sourceCardinality>1</sourceCardinality>
<sourceEntity>E6E15FF8-A928-1AD7-BDAB-5D811554CCEA</sourceEntity>
<targetCardinalityString>*</targetCardinalityString>
<targetEntity>3A62F7AD-C607-63FF-C6D7-3795CB52ECCD</targetEntity>
<transferable>true</transferable>
</Relation>