<?xml version = '1.0' encoding = 'UTF-8'?>
<Relation class="oracle.dbtools.crest.model.design.logical.Relation" name="Doc-Adm-Pro" directorySegmentName="seg_0" id="E382D82E-C4CA-0FC7-ECA6-B42D6620D6EC">
<createdBy>deepa</createdBy>
<createdTime>2019-04-29 15:46:46 UTC</createdTime>
<ownerDesignName>mh_oraclemodel</ownerDesignName>
<engineerTo>
<item key="780818F7-05C7-D5A4-2847-E8895712CF35" value="true"/>
</engineerTo>
<sourcePk>A53696E5-561F-5355-C14B-45630277B0E8</sourcePk>
<identifying>false</identifying>
<nameOnSource>requests</nameOnSource>
<optionalSource>true</optionalSource>
<optionalTarget>false</optionalTarget>
<sourceCardinality>1</sourceCardinality>
<sourceEntity>E6E15FF8-A928-1AD7-BDAB-5D811554CCEA</sourceEntity>
<targetCardinalityString>*</targetCardinalityString>
<targetEntity>92E3453A-2C16-6CDA-17A6-DD898BF5F8B1</targetEntity>
<transferable>true</transferable>
</Relation>