<?xml version = '1.0' encoding = 'UTF-8'?>
<Relation class="oracle.dbtools.crest.model.design.logical.Relation" name="Ward-Bed" directorySegmentName="seg_0" id="F4020668-5BA8-100C-83BD-4F3255246D4F">
<createdBy>deepa</createdBy>
<createdTime>2019-04-29 14:27:41 UTC</createdTime>
<ownerDesignName>mh_oraclemodel</ownerDesignName>
<engineerTo>
<item key="780818F7-05C7-D5A4-2847-E8895712CF35" value="true"/>
</engineerTo>
<sourcePk>8931ACE6-143F-9997-A272-550B5895B3C2</sourcePk>
<identifying>true</identifying>
<nameOnSource>contains</nameOnSource>
<optionalSource>true</optionalSource>
<optionalTarget>false</optionalTarget>
<sourceCardinality>1</sourceCardinality>
<sourceEntity>A1017960-7B13-67D3-ED1A-DB4320B8A85D</sourceEntity>
<targetCardinalityString>*</targetCardinalityString>
<targetEntity>3A9004BA-434E-4DA3-8C6C-64843FA2990E</targetEntity>
<transferable>true</transferable>
</Relation>