<?xml version = '1.0' encoding = 'UTF-8'?>
<Table class="oracle.dbtools.crest.model.design.relational.Table" directorySegmentName="seg_0" id="14C51E14-817D-B8F2-8549-2E8CF25CCCA1" name="SPEC">
<createdBy>deepa</createdBy>
<createdTime>2019-05-01 03:40:57 UTC</createdTime>
<generatorID>0BACDF60-752B-2775-D887-894A0F51AFB0</generatorID>
<ownerDesignName>mh_oraclemodel</ownerDesignName>
<allowColumnReorder>false</allowColumnReorder>
<existDependencyGenerateInDDl>true</existDependencyGenerateInDDl>
<parsed>true</parsed>
<columns itemClass="oracle.dbtools.crest.model.design.relational.Column">
<Column name="specialisation" id="FC7797CC-155D-400A-37F1-8320AD028324">
<createdBy>deepa</createdBy>
<createdTime>2019-05-01 03:40:57 UTC</createdTime>
<commentInRDBMS>Specialisation type</commentInRDBMS>
<generatorID>4F47C285-4C2A-D854-142F-D4433B824199</generatorID>
<ownerDesignName>mh_oraclemodel</ownerDesignName>
<useDomainConstraints>false</useDomainConstraints>
<use>1</use>
<logicalDatatype>LOGDT024</logicalDatatype>
<dataTypeSize>50</dataTypeSize>
<ownDataTypeParameters>50,,</ownDataTypeParameters>
<autoIncrementCycle>false</autoIncrementCycle>
</Column>
</columns>
<indexes itemClass="oracle.dbtools.crest.model.design.relational.Index">
<ind_PK_UK id="3B154535-AB98-9490-5898-928DC954E6A0" name="SPEC_PK">
<createdBy>deepa</createdBy>
<createdTime>2019-05-01 03:40:57 UTC</createdTime>
<generatorID>118AEFAC-CDB0-62D5-0A86-95734B0D2723</generatorID>
<ownerDesignName>mh_oraclemodel</ownerDesignName>
<pk>true</pk>
<indexState>Primary Constraint</indexState>
<isSurrogateKey>false</isSurrogateKey>
<indexColumnUsage>
<colUsage columnID="FC7797CC-155D-400A-37F1-8320AD028324"/>
</indexColumnUsage>
</ind_PK_UK>
</indexes>
</Table>