<?xml version = '1.0' encoding = 'UTF-8'?>
<Table class="oracle.dbtools.crest.model.design.relational.Table" directorySegmentName="seg_0" id="41B40529-0946-2628-2F29-EA927F36671E" name="BED">
<createdBy>deepa</createdBy>
<createdTime>2019-05-01 03:40:57 UTC</createdTime>
<generatorID>3A9004BA-434E-4DA3-8C6C-64843FA2990E</generatorID>
<ownerDesignName>mh_oraclemodel</ownerDesignName>
<allowColumnReorder>false</allowColumnReorder>
<existDependencyGenerateInDDl>true</existDependencyGenerateInDDl>
<parsed>true</parsed>
<columns itemClass="oracle.dbtools.crest.model.design.relational.Column">
<Column name="ward_code" id="953F3347-1D1F-1285-9FC2-C368C6828663">
<createdBy>deepa</createdBy>
<createdTime>2019-05-01 03:40:57 UTC</createdTime>
<commentInRDBMS>Ward code - Primary key</commentInRDBMS>
<generatorID>7AA58949-CB81-1BDE-C893-F13B2DA77606</generatorID>
<ownerDesignName>mh_oraclemodel</ownerDesignName>
<useDomainConstraints>false</useDomainConstraints>
<use>1</use>
<logicalDatatype>LOGDT019</logicalDatatype>
<dataTypePrecision>7</dataTypePrecision>
<ownDataTypeParameters>,,</ownDataTypeParameters>
<previousColumn>false</previousColumn>
<autoIncrementCycle>false</autoIncrementCycle>
<associations>
<colAssociation fkAssociation="0CBA388E-E5E3-E69E-008C-3A71B3FD3048" referredColumn="31C1D8B6-C161-8367-BB44-BAC63DF9096A"/>
</associations>
</Column>
<Column name="bed_number" id="C911329D-2385-C0B2-1D45-644832683B44">
<createdBy>deepa</createdBy>
<createdTime>2019-05-01 03:40:57 UTC</createdTime>
<commentInRDBMS>Bed number</commentInRDBMS>
<generatorID>29B16280-1EB7-C389-8493-E3DB2DA3F387</generatorID>
<ownerDesignName>mh_oraclemodel</ownerDesignName>
<constraintName>bed_number check</constraintName>
<useDomainConstraints>false</useDomainConstraints>
<use>1</use>
<logicalDatatype>LOGDT019</logicalDatatype>
<dataTypePrecision>7</dataTypePrecision>
<checkConstraint>
<implementationDef dbType="Oracle Database 11g" definition="bed_number&gt;0"/>
</checkConstraint>
<ownDataTypeParameters>,7,</ownDataTypeParameters>
<autoIncrementColumn>true</autoIncrementColumn>
<autoIncrementCycle>false</autoIncrementCycle>
<autoIncrementGenerateTrigger>false</autoIncrementGenerateTrigger>
</Column>
<Column name="telephone_number" id="2DBED36F-C7E8-9CD7-36A6-FE5FEF753159">
<createdBy>deepa</createdBy>
<createdTime>2019-05-01 03:40:57 UTC</createdTime>
<commentInRDBMS>Bedside telephone number</commentInRDBMS>
<generatorID>4068565F-C0FC-1C9A-16A4-8C39B8146449</generatorID>
<ownerDesignName>mh_oraclemodel</ownerDesignName>
<nullsAllowed>true</nullsAllowed>
<useDomainConstraints>false</useDomainConstraints>
<use>1</use>
<logicalDatatype>LOGDT019</logicalDatatype>
<dataTypePrecision>12</dataTypePrecision>
<ownDataTypeParameters>,12,</ownDataTypeParameters>
<autoIncrementCycle>false</autoIncrementCycle>
</Column>
<Column name="bed_type" id="A6A0F3A1-AA64-F008-B8A5-B249F03C7178">
<createdBy>deepa</createdBy>
<createdTime>2019-05-01 03:40:57 UTC</createdTime>
<commentInRDBMS>Bed type</commentInRDBMS>
<generatorID>657F770A-D9B6-F677-D850-C073CA62C4F3</generatorID>
<ownerDesignName>mh_oraclemodel</ownerDesignName>
<constraintName>Type of bed</constraintName>
<useDomainConstraints>false</useDomainConstraints>
<use>1</use>
<logicalDatatype>LOGDT024</logicalDatatype>
<dataTypeSize>20</dataTypeSize>
<listOfValues>
<valueDef value="Adjustable" description="Adjustable bed"/>
<valueDef value="Fixed" description="Fixed bed"/>
</listOfValues>
<ownDataTypeParameters>20,,</ownDataTypeParameters>
<autoIncrementCycle>false</autoIncrementCycle>
</Column>
</columns>
<indexes itemClass="oracle.dbtools.crest.model.design.relational.Index">
<ind_PK_UK id="2D40187E-6080-BCE8-3F76-215F2A78B03C" name="BED_PK">
<createdBy>deepa</createdBy>
<createdTime>2019-05-01 03:40:57 UTC</createdTime>
<generatorID>4877D704-50E5-683C-DC12-E06E52433099</generatorID>
<ownerDesignName>mh_oraclemodel</ownerDesignName>
<pk>true</pk>
<indexState>Primary Constraint</indexState>
<isSurrogateKey>false</isSurrogateKey>
<indexColumnUsage>
<colUsage columnID="953F3347-1D1F-1285-9FC2-C368C6828663"/>
<colUsage columnID="C911329D-2385-C0B2-1D45-644832683B44"/>
</indexColumnUsage>
</ind_PK_UK>
<ind_PK_UK id="3E34B4BB-48A4-503E-1E66-51D5557C7BA7" name="BED_WARD_FK">
<createdBy>deepa</createdBy>
<createdTime>2019-05-01 03:40:57 UTC</createdTime>
<generatorID>F4020668-5BA8-100C-83BD-4F3255246D4F</generatorID>
<ownerDesignName>mh_oraclemodel</ownerDesignName>
<indexState>Foreign Key</indexState>
<isSurrogateKey>false</isSurrogateKey>
<indexColumnUsage>
<colUsage columnID="953F3347-1D1F-1285-9FC2-C368C6828663"/>
</indexColumnUsage>
</ind_PK_UK>
</indexes>
</Table>