<?xml version = '1.0' encoding = 'UTF-8'?>
<Table class="oracle.dbtools.crest.model.design.relational.Table" directorySegmentName="seg_0" id="75A68F3B-CCEF-CC79-5252-886F37D2EED1" name="ADM_PRO">
<createdBy>deepa</createdBy>
<createdTime>2019-05-01 03:40:57 UTC</createdTime>
<generatorID>92E3453A-2C16-6CDA-17A6-DD898BF5F8B1</generatorID>
<ownerDesignName>mh_oraclemodel</ownerDesignName>
<allowColumnReorder>false</allowColumnReorder>
<existDependencyGenerateInDDl>true</existDependencyGenerateInDDl>
<parsed>true</parsed>
<columns itemClass="oracle.dbtools.crest.model.design.relational.Column">
<Column name="adm_pro_num" id="694DC3A1-33DF-8BCA-A9BD-A3D70C1CE6E5">
<createdBy>deepa</createdBy>
<createdTime>2019-05-01 03:40:57 UTC</createdTime>
<commentInRDBMS>Admission_Procedure_number-Surrogate key for adm-pro entity</commentInRDBMS>
<generatorID>D2E4B325-5A22-3F21-EA58-A64650DCC4F5</generatorID>
<ownerDesignName>mh_oraclemodel</ownerDesignName>
<constraintName>adm_pro_num check</constraintName>
<useDomainConstraints>false</useDomainConstraints>
<use>1</use>
<logicalDatatype>LOGDT019</logicalDatatype>
<dataTypePrecision>7</dataTypePrecision>
<checkConstraint>
<implementationDef dbType="Oracle Database 11g" definition="adm_pro_num&gt;0"/>
</checkConstraint>
<ownDataTypeParameters>,7,</ownDataTypeParameters>
<autoIncrementColumn>true</autoIncrementColumn>
<autoIncrementCycle>false</autoIncrementCycle>
<autoIncrementGenerateTrigger>false</autoIncrementGenerateTrigger>
</Column>
<Column name="adm_num" id="D1A64D62-2B6A-247F-EB5C-B75F55367C88">
<createdBy>deepa</createdBy>
<createdTime>2019-05-01 03:40:57 UTC</createdTime>
<commentInRDBMS>Admission number-Surrogate key for admission entity</commentInRDBMS>
<generatorID>2592D38F-87C4-2F6F-D44E-E99981C6F58C</generatorID>
<ownerDesignName>mh_oraclemodel</ownerDesignName>
<useDomainConstraints>false</useDomainConstraints>
<use>1</use>
<logicalDatatype>LOGDT019</logicalDatatype>
<dataTypePrecision>7</dataTypePrecision>
<ownDataTypeParameters>,,</ownDataTypeParameters>
<previousColumn>false</previousColumn>
<autoIncrementCycle>false</autoIncrementCycle>
<associations>
<colAssociation fkAssociation="CC48DB31-DDF2-CC22-4C02-6B73FFC039D5" referredColumn="D3A24D06-6F7B-F7A8-E890-2F221F4C6595"/>
</associations>
</Column>
<Column name="carr_out_on" id="78C4D505-BD80-F800-F46A-A03F972B69DA">
<createdBy>deepa</createdBy>
<createdTime>2019-05-01 03:40:57 UTC</createdTime>
<commentInRDBMS>Carried out on - Date and time of procedure performed</commentInRDBMS>
<generatorID>BCBF0A09-51D3-71DF-8532-6C0EDD7975FE</generatorID>
<ownerDesignName>mh_oraclemodel</ownerDesignName>
<useDomainConstraints>false</useDomainConstraints>
<use>1</use>
<logicalDatatype>LOGDT007</logicalDatatype>
<ownDataTypeParameters>,,</ownDataTypeParameters>
<autoIncrementCycle>false</autoIncrementCycle>
</Column>
<Column name="procedure_charge" id="71A7B7B5-431F-7F61-2351-9B121DEE8C36">
<createdBy>deepa</createdBy>
<createdTime>2019-05-01 03:40:57 UTC</createdTime>
<commentInRDBMS>Charge of procedure</commentInRDBMS>
<generatorID>4A572635-9CFC-1365-B655-09552FC0806F</generatorID>
<ownerDesignName>mh_oraclemodel</ownerDesignName>
<nullsAllowed>true</nullsAllowed>
<useDomainConstraints>false</useDomainConstraints>
<use>1</use>
<logicalDatatype>LOGDT019</logicalDatatype>
<dataTypePrecision>10</dataTypePrecision>
<dataTypeScale>2</dataTypeScale>
<ownDataTypeParameters>,10,2</ownDataTypeParameters>
<autoIncrementCycle>false</autoIncrementCycle>
</Column>
<Column name="total_extras_charge" id="A446CDE1-A911-EB23-ECD3-E76ED8C7D883">
<createdBy>deepa</createdBy>
<createdTime>2019-05-01 03:40:57 UTC</createdTime>
<commentInRDBMS>total charge of extra items</commentInRDBMS>
<generatorID>5092EA0D-A6E3-C982-6CBB-3933E9ACB6FB</generatorID>
<ownerDesignName>mh_oraclemodel</ownerDesignName>
<nullsAllowed>true</nullsAllowed>
<useDomainConstraints>false</useDomainConstraints>
<use>1</use>
<logicalDatatype>LOGDT019</logicalDatatype>
<dataTypePrecision>10</dataTypePrecision>
<dataTypeScale>2</dataTypeScale>
<ownDataTypeParameters>,10,2</ownDataTypeParameters>
<autoIncrementCycle>false</autoIncrementCycle>
</Column>
<Column name="procedure_code" id="2E8D585F-9637-A605-CA91-3FEA73C9C4E4">
<createdBy>deepa</createdBy>
<createdTime>2019-05-01 03:40:57 UTC</createdTime>
<commentInRDBMS>Procedure code - Primary key</commentInRDBMS>
<generatorID>9B02DCC8-30A0-F683-1263-00CF77370AD1</generatorID>
<ownerDesignName>mh_oraclemodel</ownerDesignName>
<useDomainConstraints>false</useDomainConstraints>
<use>1</use>
<logicalDatatype>LOGDT019</logicalDatatype>
<dataTypePrecision>7</dataTypePrecision>
<ownDataTypeParameters>,,</ownDataTypeParameters>
<previousColumn>false</previousColumn>
<autoIncrementCycle>false</autoIncrementCycle>
<associations>
<colAssociation fkAssociation="927F1A63-BE4F-70AC-4B8E-420C8412A377" referredColumn="F75E0388-F929-8310-362C-91D231822D3C"/>
</associations>
</Column>
<Column name="doctor_id1" id="1140514A-878A-E865-2C34-D7082DAC272F">
<createdBy>deepa</createdBy>
<createdTime>2019-05-01 03:40:57 UTC</createdTime>
<commentInRDBMS>Doctor ID - Primary key of DOCTOR entity</commentInRDBMS>
<generatorID>2D05F909-366C-CA5E-C2EA-42554136951F</generatorID>
<ownerDesignName>mh_oraclemodel</ownerDesignName>
<useDomainConstraints>false</useDomainConstraints>
<use>1</use>
<logicalDatatype>LOGDT019</logicalDatatype>
<dataTypePrecision>7</dataTypePrecision>
<ownDataTypeParameters>,,</ownDataTypeParameters>
<previousColumn>false</previousColumn>
<autoIncrementCycle>false</autoIncrementCycle>
<associations>
<colAssociation fkAssociation="06EE1442-8E6B-0AF9-36AA-F4712D00AD2F" referredColumn="F382451C-D07D-8C3C-756C-D4F476EB73CC"/>
</associations>
</Column>
<Column name="doctor_id" id="DFA68FF6-AE7C-9C4D-2054-AAD9D52060A3">
<createdBy>deepa</createdBy>
<createdTime>2019-05-01 03:40:57 UTC</createdTime>
<commentInRDBMS>Doctor ID - Primary key of DOCTOR entity</commentInRDBMS>
<generatorID>5346269A-F5F0-694D-10E1-ED7371C6E14A</generatorID>
<ownerDesignName>mh_oraclemodel</ownerDesignName>
<nullsAllowed>true</nullsAllowed>
<useDomainConstraints>false</useDomainConstraints>
<use>1</use>
<logicalDatatype>LOGDT019</logicalDatatype>
<dataTypePrecision>7</dataTypePrecision>
<ownDataTypeParameters>,,</ownDataTypeParameters>
<previousColumn>false</previousColumn>
<autoIncrementCycle>false</autoIncrementCycle>
<associations>
<colAssociation fkAssociation="A873231A-C926-F695-9414-BD83A6EEC1C2" referredColumn="F382451C-D07D-8C3C-756C-D4F476EB73CC"/>
</associations>
</Column>
</columns>
<indexes itemClass="oracle.dbtools.crest.model.design.relational.Index">
<ind_PK_UK id="69246EAE-7724-2E97-4CE8-DF5EE927CCA6" name="ADM_PRO_PK">
<createdBy>deepa</createdBy>
<createdTime>2019-05-01 03:40:57 UTC</createdTime>
<generatorID>CE4B12AF-66FD-DEB3-287A-48CB26C814D9</generatorID>
<ownerDesignName>mh_oraclemodel</ownerDesignName>
<pk>true</pk>
<indexState>Primary Constraint</indexState>
<isSurrogateKey>false</isSurrogateKey>
<indexColumnUsage>
<colUsage columnID="694DC3A1-33DF-8BCA-A9BD-A3D70C1CE6E5"/>
</indexColumnUsage>
</ind_PK_UK>
<ind_PK_UK id="591D8E20-ACEA-56BD-0E91-5527C11CEC89" name="ADM_PRO_carr_out_on_adm_num_UN">
<createdBy>deepa</createdBy>
<createdTime>2019-05-01 03:40:57 UTC</createdTime>
<generatorID>00BE2821-ADA0-7277-7720-C63178A9EBE2</generatorID>
<ownerDesignName>mh_oraclemodel</ownerDesignName>
<indexState>Unique Constraint</indexState>
<isSurrogateKey>false</isSurrogateKey>
<indexColumnUsage>
<colUsage columnID="78C4D505-BD80-F800-F46A-A03F972B69DA"/>
<colUsage columnID="D1A64D62-2B6A-247F-EB5C-B75F55367C88"/>
</indexColumnUsage>
</ind_PK_UK>
<ind_PK_UK id="27112FC8-8A95-4BB5-E966-06BEEF5EE2E8" name="ADM_PRO_DOCTOR_FK">
<createdBy>deepa</createdBy>
<createdTime>2019-05-01 03:40:57 UTC</createdTime>
<generatorID>AB5850D1-57B9-E9C7-7AC0-39A731E6CDA1</generatorID>
<ownerDesignName>mh_oraclemodel</ownerDesignName>
<indexState>Foreign Key</indexState>
<isSurrogateKey>false</isSurrogateKey>
<indexColumnUsage>
<colUsage columnID="DFA68FF6-AE7C-9C4D-2054-AAD9D52060A3"/>
</indexColumnUsage>
</ind_PK_UK>
<ind_PK_UK id="59256B59-F890-1AE6-3FA0-0640E8941C6B" name="ADM_PRO_PROCEDURE_FK">
<createdBy>deepa</createdBy>
<createdTime>2019-05-01 03:40:57 UTC</createdTime>
<generatorID>A13EB9B4-8C55-EE6E-226E-1F3DB67499A5</generatorID>
<ownerDesignName>mh_oraclemodel</ownerDesignName>
<indexState>Foreign Key</indexState>
<isSurrogateKey>false</isSurrogateKey>
<indexColumnUsage>
<colUsage columnID="2E8D585F-9637-A605-CA91-3FEA73C9C4E4"/>
</indexColumnUsage>
</ind_PK_UK>
<ind_PK_UK id="388211D0-01EF-F702-AC46-E6A20BF18FAC" name="ADM_PRO_ADM_FK">
<createdBy>deepa</createdBy>
<createdTime>2019-05-01 03:40:57 UTC</createdTime>
<generatorID>793ADE38-FC83-5A24-A50F-545C06298CBD</generatorID>
<ownerDesignName>mh_oraclemodel</ownerDesignName>
<indexState>Foreign Key</indexState>
<isSurrogateKey>false</isSurrogateKey>
<indexColumnUsage>
<colUsage columnID="D1A64D62-2B6A-247F-EB5C-B75F55367C88"/>
</indexColumnUsage>
</ind_PK_UK>
<ind_PK_UK id="9C80558A-2572-3B2F-1875-50CE45E7877E" name="ADM_PRO_DOCTOR_FKv2">
<createdBy>deepa</createdBy>
<createdTime>2019-05-01 03:40:57 UTC</createdTime>
<generatorID>E382D82E-C4CA-0FC7-ECA6-B42D6620D6EC</generatorID>
<ownerDesignName>mh_oraclemodel</ownerDesignName>
<indexState>Foreign Key</indexState>
<isSurrogateKey>false</isSurrogateKey>
<indexColumnUsage>
<colUsage columnID="1140514A-878A-E865-2C34-D7082DAC272F"/>
</indexColumnUsage>
</ind_PK_UK>
</indexes>
</Table>