<?xml version = '1.0' encoding = 'UTF-8'?>
<Table class="oracle.dbtools.crest.model.design.relational.Table" directorySegmentName="seg_0" id="7BE30686-E3B8-65FD-6E58-94EAE0821033" name="BED_ASSIGN">
<createdBy>deepa</createdBy>
<createdTime>2019-05-01 03:40:57 UTC</createdTime>
<generatorID>205AD5BC-92B0-E02D-684C-1550818B72E7</generatorID>
<ownerDesignName>mh_oraclemodel</ownerDesignName>
<allowColumnReorder>false</allowColumnReorder>
<existDependencyGenerateInDDl>true</existDependencyGenerateInDDl>
<parsed>true</parsed>
<columns itemClass="oracle.dbtools.crest.model.design.relational.Column">
<Column name="adm_num" id="5D76E462-837A-D409-BC43-1207720C573E">
<createdBy>deepa</createdBy>
<createdTime>2019-05-01 03:40:57 UTC</createdTime>
<commentInRDBMS>Admission number-Surrogate key for admission entity</commentInRDBMS>
<generatorID>92EF9059-F9D2-6B7B-003B-C2B63C2F6144</generatorID>
<ownerDesignName>mh_oraclemodel</ownerDesignName>
<useDomainConstraints>false</useDomainConstraints>
<use>1</use>
<logicalDatatype>LOGDT019</logicalDatatype>
<dataTypePrecision>7</dataTypePrecision>
<ownDataTypeParameters>,,</ownDataTypeParameters>
<previousColumn>false</previousColumn>
<autoIncrementCycle>false</autoIncrementCycle>
<associations>
<colAssociation fkAssociation="AB43C3CC-BB74-17B6-575D-EE9F4756048B" referredColumn="D3A24D06-6F7B-F7A8-E890-2F221F4C6595"/>
</associations>
</Column>
<Column name="bed_assignment_date_time" id="E6F57719-181B-F119-AE31-A9661F020473">
<createdBy>deepa</createdBy>
<createdTime>2019-05-01 03:40:57 UTC</createdTime>
<commentInRDBMS>Bed assignment date and time</commentInRDBMS>
<generatorID>620017F3-90D5-B15D-5A76-577311BAF98C</generatorID>
<ownerDesignName>mh_oraclemodel</ownerDesignName>
<useDomainConstraints>false</useDomainConstraints>
<use>1</use>
<logicalDatatype>LOGDT007</logicalDatatype>
<ownDataTypeParameters>,,</ownDataTypeParameters>
<autoIncrementCycle>false</autoIncrementCycle>
</Column>
<Column name="ward_code" id="EAC062AA-C576-BF57-7206-AF9539044876">
<createdBy>deepa</createdBy>
<createdTime>2019-05-01 03:40:57 UTC</createdTime>
<commentInRDBMS>Ward code - Primary key</commentInRDBMS>
<generatorID>84E23B64-DD14-FA3D-7280-DCA17AE45EA9</generatorID>
<ownerDesignName>mh_oraclemodel</ownerDesignName>
<useDomainConstraints>false</useDomainConstraints>
<use>1</use>
<logicalDatatype>LOGDT019</logicalDatatype>
<dataTypePrecision>7</dataTypePrecision>
<ownDataTypeParameters>,,</ownDataTypeParameters>
<previousColumn>false</previousColumn>
<autoIncrementCycle>false</autoIncrementCycle>
<associations>
<colAssociation fkAssociation="71BBB5C1-038F-4833-506E-12B1D083A6E0" referredColumn="953F3347-1D1F-1285-9FC2-C368C6828663"/>
</associations>
</Column>
<Column name="bed_number" id="92D336B6-1F7B-9ACD-6F19-47C05FA9715B">
<createdBy>deepa</createdBy>
<createdTime>2019-05-01 03:40:57 UTC</createdTime>
<commentInRDBMS>Bed number</commentInRDBMS>
<generatorID>1CDC20A4-F834-910A-AA63-23B1FC01E961</generatorID>
<ownerDesignName>mh_oraclemodel</ownerDesignName>
<useDomainConstraints>false</useDomainConstraints>
<use>1</use>
<logicalDatatype>LOGDT019</logicalDatatype>
<dataTypePrecision>7</dataTypePrecision>
<ownDataTypeParameters>,,</ownDataTypeParameters>
<previousColumn>false</previousColumn>
<autoIncrementCycle>false</autoIncrementCycle>
<associations>
<colAssociation fkAssociation="71BBB5C1-038F-4833-506E-12B1D083A6E0" referredColumn="C911329D-2385-C0B2-1D45-644832683B44"/>
</associations>
</Column>
</columns>
<indexes itemClass="oracle.dbtools.crest.model.design.relational.Index">
<ind_PK_UK id="51BB895F-FEBA-2CA6-2168-D50202FB9E02" name="BED_ASSIGN_PK">
<createdBy>deepa</createdBy>
<createdTime>2019-05-01 03:40:57 UTC</createdTime>
<generatorID>222B8746-F956-94CC-CC65-68A766730EFB</generatorID>
<ownerDesignName>mh_oraclemodel</ownerDesignName>
<pk>true</pk>
<indexState>Primary Constraint</indexState>
<isSurrogateKey>false</isSurrogateKey>
<indexColumnUsage>
<colUsage columnID="E6F57719-181B-F119-AE31-A9661F020473"/>
<colUsage columnID="5D76E462-837A-D409-BC43-1207720C573E"/>
</indexColumnUsage>
</ind_PK_UK>
<ind_PK_UK id="C9A67A18-6E14-F529-CD61-482E03E3C7A2" name="BED_ASSIGN_ADM_FK">
<createdBy>deepa</createdBy>
<createdTime>2019-05-01 03:40:57 UTC</createdTime>
<generatorID>A0DA54A4-C907-0DAB-5776-7D687A6010CD</generatorID>
<ownerDesignName>mh_oraclemodel</ownerDesignName>
<indexState>Foreign Key</indexState>
<isSurrogateKey>false</isSurrogateKey>
<indexColumnUsage>
<colUsage columnID="5D76E462-837A-D409-BC43-1207720C573E"/>
</indexColumnUsage>
</ind_PK_UK>
<ind_PK_UK id="5AE1B87C-A3F9-7713-354E-73BDB29A29D9" name="BED_ASSIGN_BED_FK">
<createdBy>deepa</createdBy>
<createdTime>2019-05-01 03:40:57 UTC</createdTime>
<generatorID>5819D9D3-83A9-FB02-1EDC-6F1B540CAAA9</generatorID>
<ownerDesignName>mh_oraclemodel</ownerDesignName>
<indexState>Foreign Key</indexState>
<isSurrogateKey>false</isSurrogateKey>
<indexColumnUsage>
<colUsage columnID="EAC062AA-C576-BF57-7206-AF9539044876"/>
<colUsage columnID="92D336B6-1F7B-9ACD-6F19-47C05FA9715B"/>
</indexColumnUsage>
</ind_PK_UK>
</indexes>
</Table>