<?xml version = '1.0' encoding = 'UTF-8'?>
<Table class="oracle.dbtools.crest.model.design.relational.Table" directorySegmentName="seg_0" id="A39D8721-DAA0-66DB-09D3-E10AD8501BE8" name="WARD_ASSIGN">
<createdBy>deepa</createdBy>
<createdTime>2019-05-01 03:40:57 UTC</createdTime>
<generatorID>1AA2FB1A-2EF2-D0D5-7643-34EAA7B84AC8</generatorID>
<ownerDesignName>mh_oraclemodel</ownerDesignName>
<allowColumnReorder>false</allowColumnReorder>
<existDependencyGenerateInDDl>true</existDependencyGenerateInDDl>
<parsed>true</parsed>
<columns itemClass="oracle.dbtools.crest.model.design.relational.Column">
<Column name="nurse_id" id="14A204E4-E5FE-563E-19CD-5EE3F0C14D01">
<createdBy>deepa</createdBy>
<createdTime>2019-05-01 03:40:57 UTC</createdTime>
<commentInRDBMS>Nurse ID</commentInRDBMS>
<generatorID>3732A6AF-BACD-09B0-3855-997796A96EEA</generatorID>
<ownerDesignName>mh_oraclemodel</ownerDesignName>
<useDomainConstraints>false</useDomainConstraints>
<use>1</use>
<logicalDatatype>LOGDT019</logicalDatatype>
<dataTypePrecision>7</dataTypePrecision>
<ownDataTypeParameters>,,</ownDataTypeParameters>
<previousColumn>false</previousColumn>
<autoIncrementCycle>false</autoIncrementCycle>
<associations>
<colAssociation fkAssociation="E9B10BB9-8D13-B5BB-9341-1E517ED3F527" referredColumn="7B7B70FA-E631-416E-992D-3F620E2F6E79"/>
</associations>
</Column>
<Column name="ward_assigned_date" id="3A319F33-D24E-2CF8-0BFF-436E3CBAD977">
<createdBy>deepa</createdBy>
<createdTime>2019-05-01 03:40:57 UTC</createdTime>
<commentInRDBMS>Assignment date of ward</commentInRDBMS>
<generatorID>C926A21D-06A7-8A94-123F-6491F6D19D9D</generatorID>
<ownerDesignName>mh_oraclemodel</ownerDesignName>
<useDomainConstraints>false</useDomainConstraints>
<use>1</use>
<logicalDatatype>LOGDT007</logicalDatatype>
<ownDataTypeParameters>,,</ownDataTypeParameters>
<autoIncrementCycle>false</autoIncrementCycle>
</Column>
<Column name="ward_date_completed" id="D6FBF38A-D7A0-E12D-0498-58965607B48A">
<createdBy>deepa</createdBy>
<createdTime>2019-05-01 03:40:57 UTC</createdTime>
<commentInRDBMS>Completion date of ward assignment</commentInRDBMS>
<generatorID>B093893F-46C5-54D9-5B7D-5B2B7C777C11</generatorID>
<ownerDesignName>mh_oraclemodel</ownerDesignName>
<useDomainConstraints>false</useDomainConstraints>
<use>1</use>
<logicalDatatype>LOGDT007</logicalDatatype>
<ownDataTypeParameters>,,</ownDataTypeParameters>
<autoIncrementCycle>false</autoIncrementCycle>
</Column>
<Column name="ward_code" id="F575044D-6E89-DD7E-9D5C-B4105CA6AC40">
<createdBy>deepa</createdBy>
<createdTime>2019-05-01 03:40:57 UTC</createdTime>
<commentInRDBMS>Ward code - Primary key</commentInRDBMS>
<generatorID>8F9E2D18-9F97-1322-CB07-B7162170EDBC</generatorID>
<ownerDesignName>mh_oraclemodel</ownerDesignName>
<useDomainConstraints>false</useDomainConstraints>
<use>1</use>
<logicalDatatype>LOGDT019</logicalDatatype>
<dataTypePrecision>7</dataTypePrecision>
<ownDataTypeParameters>,,</ownDataTypeParameters>
<previousColumn>false</previousColumn>
<autoIncrementCycle>false</autoIncrementCycle>
<associations>
<colAssociation fkAssociation="B5B44A38-018C-DC53-10E7-38203187EA6F" referredColumn="31C1D8B6-C161-8367-BB44-BAC63DF9096A"/>
</associations>
</Column>
</columns>
<indexes itemClass="oracle.dbtools.crest.model.design.relational.Index">
<ind_PK_UK id="0A0D94E2-4879-1147-7DAF-5D4DD1699BC9" name="WARD_ASSIGN_PK">
<createdBy>deepa</createdBy>
<createdTime>2019-05-01 03:40:57 UTC</createdTime>
<generatorID>E78EE754-288C-936C-1FCD-157D8B589E42</generatorID>
<ownerDesignName>mh_oraclemodel</ownerDesignName>
<pk>true</pk>
<indexState>Primary Constraint</indexState>
<isSurrogateKey>false</isSurrogateKey>
<indexColumnUsage>
<colUsage columnID="14A204E4-E5FE-563E-19CD-5EE3F0C14D01"/>
<colUsage columnID="3A319F33-D24E-2CF8-0BFF-436E3CBAD977"/>
</indexColumnUsage>
</ind_PK_UK>
<ind_PK_UK id="32CD2C30-4409-4107-945D-A573B8186052" name="WARD_ASSIGN_NURSE_FK">
<createdBy>deepa</createdBy>
<createdTime>2019-05-01 03:40:57 UTC</createdTime>
<generatorID>72167E0C-C829-CA6A-A8C4-D9EEED67F245</generatorID>
<ownerDesignName>mh_oraclemodel</ownerDesignName>
<indexState>Foreign Key</indexState>
<isSurrogateKey>false</isSurrogateKey>
<indexColumnUsage>
<colUsage columnID="14A204E4-E5FE-563E-19CD-5EE3F0C14D01"/>
</indexColumnUsage>
</ind_PK_UK>
<ind_PK_UK id="4EA65A6B-9DA3-9341-D87A-C8C6A00F6AB3" name="WARD_ASSIGN_WARD_FK">
<createdBy>deepa</createdBy>
<createdTime>2019-05-01 03:40:57 UTC</createdTime>
<generatorID>8A469B00-00F5-E944-B949-FDECD817080C</generatorID>
<ownerDesignName>mh_oraclemodel</ownerDesignName>
<indexState>Foreign Key</indexState>
<isSurrogateKey>false</isSurrogateKey>
<indexColumnUsage>
<colUsage columnID="F575044D-6E89-DD7E-9D5C-B4105CA6AC40"/>
</indexColumnUsage>
</ind_PK_UK>
</indexes>
</Table>