<?xml version = '1.0' encoding = 'UTF-8'?>
<Table class="oracle.dbtools.crest.model.design.relational.Table" directorySegmentName="seg_0" id="AD3B8722-DC49-1896-88DF-6BF9665B7EFE" name="DOC_SPEC">
<createdBy>deepa</createdBy>
<createdTime>2019-05-01 03:40:57 UTC</createdTime>
<generatorID>3A62F7AD-C607-63FF-C6D7-3795CB52ECCD</generatorID>
<ownerDesignName>mh_oraclemodel</ownerDesignName>
<allowColumnReorder>false</allowColumnReorder>
<existDependencyGenerateInDDl>true</existDependencyGenerateInDDl>
<parsed>true</parsed>
<columns itemClass="oracle.dbtools.crest.model.design.relational.Column">
<Column name="doctor_id" id="698B0C4C-65D9-39DE-CFD2-9101A047EB46">
<createdBy>deepa</createdBy>
<createdTime>2019-05-01 03:40:57 UTC</createdTime>
<commentInRDBMS>Doctor ID - Primary key of DOCTOR entity</commentInRDBMS>
<generatorID>336DCC54-20F8-EE3D-D188-A81F67BA57F1</generatorID>
<ownerDesignName>mh_oraclemodel</ownerDesignName>
<useDomainConstraints>false</useDomainConstraints>
<use>1</use>
<logicalDatatype>LOGDT019</logicalDatatype>
<dataTypePrecision>7</dataTypePrecision>
<ownDataTypeParameters>,,</ownDataTypeParameters>
<previousColumn>false</previousColumn>
<autoIncrementCycle>false</autoIncrementCycle>
<associations>
<colAssociation fkAssociation="D5E8D5C6-663E-1647-4633-ABB50BE95A56" referredColumn="F382451C-D07D-8C3C-756C-D4F476EB73CC"/>
</associations>
</Column>
<Column name="specialisation" id="BF4C8A85-08DB-2591-FB8A-AE4CF5FC8B1A">
<createdBy>deepa</createdBy>
<createdTime>2019-05-01 03:40:57 UTC</createdTime>
<commentInRDBMS>Specialisation type</commentInRDBMS>
<generatorID>9F9AF099-7B39-F8F4-3B8A-BFD21928EE8E</generatorID>
<ownerDesignName>mh_oraclemodel</ownerDesignName>
<useDomainConstraints>false</useDomainConstraints>
<use>1</use>
<logicalDatatype>LOGDT024</logicalDatatype>
<dataTypeSize>50</dataTypeSize>
<ownDataTypeParameters>,,</ownDataTypeParameters>
<previousColumn>false</previousColumn>
<autoIncrementCycle>false</autoIncrementCycle>
<associations>
<colAssociation fkAssociation="1FE7491B-A49B-E48D-6026-EC104C933CDF" referredColumn="FC7797CC-155D-400A-37F1-8320AD028324"/>
</associations>
</Column>
</columns>
<indexes itemClass="oracle.dbtools.crest.model.design.relational.Index">
<ind_PK_UK id="E2E082A6-C5F6-C17C-5504-BE0615AAD842" name="DOC_SPEC_PK">
<createdBy>deepa</createdBy>
<createdTime>2019-05-01 03:40:57 UTC</createdTime>
<generatorID>54A8D093-AADF-D757-CD33-84F6F050883C</generatorID>
<ownerDesignName>mh_oraclemodel</ownerDesignName>
<pk>true</pk>
<indexState>Primary Constraint</indexState>
<isSurrogateKey>false</isSurrogateKey>
<indexColumnUsage>
<colUsage columnID="698B0C4C-65D9-39DE-CFD2-9101A047EB46"/>
<colUsage columnID="BF4C8A85-08DB-2591-FB8A-AE4CF5FC8B1A"/>
</indexColumnUsage>
</ind_PK_UK>
<ind_PK_UK id="87024EEC-2481-0ED3-1F77-4EE113D5970C" name="DOC_SPEC_DOCTOR_FK">
<createdBy>deepa</createdBy>
<createdTime>2019-05-01 03:40:57 UTC</createdTime>
<generatorID>CC00AD18-1B87-9976-AD5A-60572D52CA8F</generatorID>
<ownerDesignName>mh_oraclemodel</ownerDesignName>
<indexState>Foreign Key</indexState>
<isSurrogateKey>false</isSurrogateKey>
<indexColumnUsage>
<colUsage columnID="698B0C4C-65D9-39DE-CFD2-9101A047EB46"/>
</indexColumnUsage>
</ind_PK_UK>
<ind_PK_UK id="704D7CE3-6670-7A0A-CEAF-4F2238AFC0CA" name="DOC_SPEC_SPEC_FK">
<createdBy>deepa</createdBy>
<createdTime>2019-05-01 03:40:57 UTC</createdTime>
<generatorID>B48E43D5-227E-65B9-075D-136C17A27475</generatorID>
<ownerDesignName>mh_oraclemodel</ownerDesignName>
<indexState>Foreign Key</indexState>
<isSurrogateKey>false</isSurrogateKey>
<indexColumnUsage>
<colUsage columnID="BF4C8A85-08DB-2591-FB8A-AE4CF5FC8B1A"/>
</indexColumnUsage>
</ind_PK_UK>
</indexes>
</Table>