<?xml version = '1.0' encoding = 'UTF-8'?>
<Table class="oracle.dbtools.crest.model.design.relational.Table" directorySegmentName="seg_0" id="AE0C0EAB-F71A-67D2-D0A5-6E287ACA62D7" name="NURSE">
<createdBy>deepa</createdBy>
<createdTime>2019-05-01 03:40:57 UTC</createdTime>
<generatorID>6CD7AFFB-809F-B428-FEA2-722B18180F98</generatorID>
<ownerDesignName>mh_oraclemodel</ownerDesignName>
<allowColumnReorder>false</allowColumnReorder>
<existDependencyGenerateInDDl>true</existDependencyGenerateInDDl>
<parsed>true</parsed>
<columns itemClass="oracle.dbtools.crest.model.design.relational.Column">
<Column name="nurse_id" id="7B7B70FA-E631-416E-992D-3F620E2F6E79">
<createdBy>deepa</createdBy>
<createdTime>2019-05-01 03:40:57 UTC</createdTime>
<commentInRDBMS>Nurse ID</commentInRDBMS>
<generatorID>30B454D5-0337-C842-A445-28C100062BF4</generatorID>
<ownerDesignName>mh_oraclemodel</ownerDesignName>
<constraintName>nurse_id check</constraintName>
<useDomainConstraints>false</useDomainConstraints>
<use>1</use>
<logicalDatatype>LOGDT019</logicalDatatype>
<dataTypePrecision>7</dataTypePrecision>
<checkConstraint>
<implementationDef dbType="Oracle Database 11g" definition="nurse_id&gt;0"/>
</checkConstraint>
<ownDataTypeParameters>,7,</ownDataTypeParameters>
<autoIncrementColumn>true</autoIncrementColumn>
<autoIncrementCycle>false</autoIncrementCycle>
<autoIncrementGenerateTrigger>false</autoIncrementGenerateTrigger>
</Column>
<Column name="nurse_firstname" id="4D8E1DBF-B626-2014-2D38-1FA8E0E6BBAC">
<createdBy>deepa</createdBy>
<createdTime>2019-05-01 03:40:57 UTC</createdTime>
<commentInRDBMS>Nurse&apos;s first name</commentInRDBMS>
<generatorID>5A44C657-2C3D-7F2A-5713-B4B6A2D962F0</generatorID>
<ownerDesignName>mh_oraclemodel</ownerDesignName>
<useDomainConstraints>false</useDomainConstraints>
<use>1</use>
<logicalDatatype>LOGDT024</logicalDatatype>
<dataTypeSize>50</dataTypeSize>
<ownDataTypeParameters>50,,</ownDataTypeParameters>
<autoIncrementCycle>false</autoIncrementCycle>
</Column>
<Column name="nurse_lastname" id="FB6EF88F-4047-2F3F-E0BE-8C93035BEB73">
<createdBy>deepa</createdBy>
<createdTime>2019-05-01 03:40:57 UTC</createdTime>
<commentInRDBMS>Nurse&apos;s last name</commentInRDBMS>
<generatorID>0D9DD5EC-9BE5-D00F-AA21-36D517750B02</generatorID>
<ownerDesignName>mh_oraclemodel</ownerDesignName>
<useDomainConstraints>false</useDomainConstraints>
<use>1</use>
<logicalDatatype>LOGDT024</logicalDatatype>
<dataTypeSize>50</dataTypeSize>
<ownDataTypeParameters>50,,</ownDataTypeParameters>
<autoIncrementCycle>false</autoIncrementCycle>
</Column>
<Column name="nurse_contact" id="1495CAA0-9EEF-90FA-B7D5-5E04CC03ACC6">
<createdBy>deepa</createdBy>
<createdTime>2019-05-01 03:40:57 UTC</createdTime>
<commentInRDBMS>Nurse&apos;s contact number</commentInRDBMS>
<generatorID>50408757-DEB3-C844-4DFA-1AA41B60A1D5</generatorID>
<ownerDesignName>mh_oraclemodel</ownerDesignName>
<useDomainConstraints>false</useDomainConstraints>
<use>1</use>
<logicalDatatype>LOGDT019</logicalDatatype>
<dataTypePrecision>12</dataTypePrecision>
<ownDataTypeParameters>,12,</ownDataTypeParameters>
<autoIncrementCycle>false</autoIncrementCycle>
</Column>
<Column name="nurse_certified" id="F05D71CE-EDDA-40B5-F22B-7F73C39068F6">
<createdBy>deepa</createdBy>
<createdTime>2019-05-01 03:40:57 UTC</createdTime>
<commentInRDBMS>Nurse certified for work with children</commentInRDBMS>
<generatorID>2A2E080F-1C29-B61B-1C08-B061DDAEC30E</generatorID>
<ownerDesignName>mh_oraclemodel</ownerDesignName>
<constraintName>Nurse Certification</constraintName>
<useDomainConstraints>false</useDomainConstraints>
<use>1</use>
<logicalDatatype>LOGDT025</logicalDatatype>
<dataTypeSize>3</dataTypeSize>
<listOfValues>
<valueDef value="No" description="Nurse is not certified"/>
<valueDef value="Yes" description="Nurse is certified"/>
</listOfValues>
<ownDataTypeParameters>3,,</ownDataTypeParameters>
<autoIncrementCycle>false</autoIncrementCycle>
</Column>
</columns>
<indexes itemClass="oracle.dbtools.crest.model.design.relational.Index">
<ind_PK_UK id="7CE40DFC-B0A3-0B72-08D8-67C73AD05AB8" name="NURSE_PK">
<createdBy>deepa</createdBy>
<createdTime>2019-05-01 03:40:57 UTC</createdTime>
<generatorID>D5D916D0-B9F2-4D72-9E96-80F8C0D8A3EC</generatorID>
<ownerDesignName>mh_oraclemodel</ownerDesignName>
<pk>true</pk>
<indexState>Primary Constraint</indexState>
<isSurrogateKey>false</isSurrogateKey>
<indexColumnUsage>
<colUsage columnID="7B7B70FA-E631-416E-992D-3F620E2F6E79"/>
</indexColumnUsage>
</ind_PK_UK>
</indexes>
</Table>