<?xml version = '1.0' encoding = 'UTF-8'?>
<Table class="oracle.dbtools.crest.model.design.relational.Table" directorySegmentName="seg_0" id="B15488C2-FB89-B6E4-B7D4-0A950B5205A5" name="ADM">
<createdBy>deepa</createdBy>
<createdTime>2019-05-01 03:40:57 UTC</createdTime>
<generatorID>BB66E0D0-0700-CE1E-11F4-9B68419C8AE3</generatorID>
<ownerDesignName>mh_oraclemodel</ownerDesignName>
<allowColumnReorder>false</allowColumnReorder>
<existDependencyGenerateInDDl>true</existDependencyGenerateInDDl>
<parsed>true</parsed>
<columns itemClass="oracle.dbtools.crest.model.design.relational.Column">
<Column name="adm_num" id="D3A24D06-6F7B-F7A8-E890-2F221F4C6595">
<createdBy>deepa</createdBy>
<createdTime>2019-05-01 03:40:57 UTC</createdTime>
<commentInRDBMS>Admission number-Surrogate key for admission entity</commentInRDBMS>
<generatorID>B8D56244-29BB-BE9B-016B-91981510B4DD</generatorID>
<ownerDesignName>mh_oraclemodel</ownerDesignName>
<constraintName>admission_num check</constraintName>
<useDomainConstraints>false</useDomainConstraints>
<use>1</use>
<logicalDatatype>LOGDT019</logicalDatatype>
<dataTypePrecision>7</dataTypePrecision>
<checkConstraint>
<implementationDef dbType="Oracle Database 11g" definition="admission_num&gt;0"/>
</checkConstraint>
<ownDataTypeParameters>,7,</ownDataTypeParameters>
<autoIncrementColumn>true</autoIncrementColumn>
<autoIncrementCycle>false</autoIncrementCycle>
<autoIncrementGenerateTrigger>false</autoIncrementGenerateTrigger>
</Column>
<Column name="pat_id" id="76D7D8E2-F89A-54FC-5857-0B272BA7DF90">
<createdBy>deepa</createdBy>
<createdTime>2019-05-01 03:40:57 UTC</createdTime>
<commentInRDBMS>Patient ID - Primary key of PATIENT entity</commentInRDBMS>
<generatorID>5EC9EBE5-1D69-FD49-8BF4-57D7D28AF923</generatorID>
<ownerDesignName>mh_oraclemodel</ownerDesignName>
<useDomainConstraints>false</useDomainConstraints>
<use>1</use>
<logicalDatatype>LOGDT019</logicalDatatype>
<dataTypePrecision>7</dataTypePrecision>
<ownDataTypeParameters>,,</ownDataTypeParameters>
<previousColumn>false</previousColumn>
<autoIncrementCycle>false</autoIncrementCycle>
<associations>
<colAssociation fkAssociation="BF67A8E9-1341-9E12-EA3B-8AD116B4AF16" referredColumn="0A101E49-A093-706C-D240-2465F979F01E"/>
</associations>
</Column>
<Column name="adm_date_time" id="ABF6D756-62E3-90F9-4308-B417E7BA28CF">
<createdBy>deepa</createdBy>
<createdTime>2019-05-01 03:40:57 UTC</createdTime>
<commentInRDBMS>Date and time of admission of a patient</commentInRDBMS>
<generatorID>F4534B05-4650-F48D-388F-D5F7C50AE3BA</generatorID>
<ownerDesignName>mh_oraclemodel</ownerDesignName>
<useDomainConstraints>false</useDomainConstraints>
<use>1</use>
<logicalDatatype>LOGDT007</logicalDatatype>
<ownDataTypeParameters>,,</ownDataTypeParameters>
<autoIncrementCycle>false</autoIncrementCycle>
</Column>
<Column name="discharge_date_time" id="B1E8E107-398C-BCAC-C54C-B6FB3881719F">
<createdBy>deepa</createdBy>
<createdTime>2019-05-01 03:40:57 UTC</createdTime>
<commentInRDBMS>Date and time of discharge</commentInRDBMS>
<generatorID>5A787254-C8BB-4240-6EC0-A287DB7628F7</generatorID>
<ownerDesignName>mh_oraclemodel</ownerDesignName>
<nullsAllowed>true</nullsAllowed>
<useDomainConstraints>false</useDomainConstraints>
<use>1</use>
<logicalDatatype>LOGDT007</logicalDatatype>
<ownDataTypeParameters>,,</ownDataTypeParameters>
<autoIncrementCycle>false</autoIncrementCycle>
</Column>
<Column name="doctor_id" id="ECAA53A4-1358-3BB3-1DF2-CAAC7E90B06C">
<createdBy>deepa</createdBy>
<createdTime>2019-05-01 03:40:57 UTC</createdTime>
<commentInRDBMS>Doctor ID - Primary key of DOCTOR entity</commentInRDBMS>
<generatorID>85874905-C846-CD84-C48B-D8CDBB1A5455</generatorID>
<ownerDesignName>mh_oraclemodel</ownerDesignName>
<useDomainConstraints>false</useDomainConstraints>
<use>1</use>
<logicalDatatype>LOGDT019</logicalDatatype>
<dataTypePrecision>7</dataTypePrecision>
<ownDataTypeParameters>,,</ownDataTypeParameters>
<previousColumn>false</previousColumn>
<autoIncrementCycle>false</autoIncrementCycle>
<associations>
<colAssociation fkAssociation="8CDBB089-732F-594F-DEA7-2404719C37B6" referredColumn="F382451C-D07D-8C3C-756C-D4F476EB73CC"/>
</associations>
</Column>
</columns>
<indexes itemClass="oracle.dbtools.crest.model.design.relational.Index">
<ind_PK_UK id="BA8D4331-D28A-0823-CCEA-BAE343C5823E" name="ADM_PK">
<createdBy>deepa</createdBy>
<createdTime>2019-05-01 03:40:57 UTC</createdTime>
<generatorID>DE0F1C76-8FF2-9A79-AFA9-A26A061A92CE</generatorID>
<ownerDesignName>mh_oraclemodel</ownerDesignName>
<pk>true</pk>
<indexState>Primary Constraint</indexState>
<isSurrogateKey>false</isSurrogateKey>
<indexColumnUsage>
<colUsage columnID="D3A24D06-6F7B-F7A8-E890-2F221F4C6595"/>
</indexColumnUsage>
</ind_PK_UK>
<ind_PK_UK id="7EEBF133-0834-DA2F-B819-A14F58EE5272" name="ADM_pat_id_adm_date_time_UN">
<createdBy>deepa</createdBy>
<createdTime>2019-05-01 03:40:57 UTC</createdTime>
<generatorID>17B71984-041C-9CAE-3CBF-5580CC7AB362</generatorID>
<ownerDesignName>mh_oraclemodel</ownerDesignName>
<indexState>Unique Constraint</indexState>
<isSurrogateKey>false</isSurrogateKey>
<indexColumnUsage>
<colUsage columnID="76D7D8E2-F89A-54FC-5857-0B272BA7DF90"/>
<colUsage columnID="ABF6D756-62E3-90F9-4308-B417E7BA28CF"/>
</indexColumnUsage>
</ind_PK_UK>
<ind_PK_UK id="940FF470-0940-AAA5-B844-F32B4EA729AE" name="ADM_DOCTOR_FK">
<createdBy>deepa</createdBy>
<createdTime>2019-05-01 03:40:57 UTC</createdTime>
<generatorID>34BE37CA-3F74-E045-CCEE-8D5CC81AA2D2</generatorID>
<ownerDesignName>mh_oraclemodel</ownerDesignName>
<indexState>Foreign Key</indexState>
<isSurrogateKey>false</isSurrogateKey>
<indexColumnUsage>
<colUsage columnID="ECAA53A4-1358-3BB3-1DF2-CAAC7E90B06C"/>
</indexColumnUsage>
</ind_PK_UK>
<ind_PK_UK id="C2F5752A-E909-18DE-9624-02C2831300B7" name="ADM_PATIENT_FK">
<createdBy>deepa</createdBy>
<createdTime>2019-05-01 03:40:57 UTC</createdTime>
<generatorID>1EC78DA0-A818-D77B-B14A-34C68008C22E</generatorID>
<ownerDesignName>mh_oraclemodel</ownerDesignName>
<indexState>Foreign Key</indexState>
<isSurrogateKey>false</isSurrogateKey>
<indexColumnUsage>
<colUsage columnID="76D7D8E2-F89A-54FC-5857-0B272BA7DF90"/>
</indexColumnUsage>
</ind_PK_UK>
</indexes>
</Table>