<?xml version = '1.0' encoding = 'UTF-8'?>
<Table class="oracle.dbtools.crest.model.design.relational.Table" directorySegmentName="seg_0" id="EFBFABE3-A0F2-F8C6-6832-2822042236A4" name="ITEM_REQ">
<createdBy>deepa</createdBy>
<createdTime>2019-05-01 03:40:57 UTC</createdTime>
<generatorID>D2B394F9-D45C-F77B-EAF5-297BE1AAB105</generatorID>
<ownerDesignName>mh_oraclemodel</ownerDesignName>
<allowColumnReorder>false</allowColumnReorder>
<existDependencyGenerateInDDl>true</existDependencyGenerateInDDl>
<parsed>true</parsed>
<columns itemClass="oracle.dbtools.crest.model.design.relational.Column">
<Column name="item_code" id="A1A997D1-00AE-63E3-406B-1B8DDC71BCAB">
<createdBy>deepa</createdBy>
<createdTime>2019-05-01 03:40:57 UTC</createdTime>
<commentInRDBMS>Item code - Primary key of ITEM entity</commentInRDBMS>
<generatorID>5256F4F7-4198-AC79-BF39-6F07E165A783</generatorID>
<ownerDesignName>mh_oraclemodel</ownerDesignName>
<useDomainConstraints>false</useDomainConstraints>
<use>1</use>
<logicalDatatype>LOGDT024</logicalDatatype>
<dataTypeSize>10</dataTypeSize>
<ownDataTypeParameters>,,</ownDataTypeParameters>
<previousColumn>false</previousColumn>
<autoIncrementCycle>false</autoIncrementCycle>
<associations>
<colAssociation fkAssociation="A8A0AFB5-1A99-EAB0-83F9-D55869830F2B" referredColumn="328DF58A-0FF6-6FEA-07DA-E81BCA67767F"/>
</associations>
</Column>
<Column name="adm_pro_num" id="37A75EA4-9D2C-EAC6-8DE8-CBB136243555">
<createdBy>deepa</createdBy>
<createdTime>2019-05-01 03:40:57 UTC</createdTime>
<commentInRDBMS>Admission_Procedure_number-Surrogate key for adm-pro entity</commentInRDBMS>
<generatorID>A342C68A-D443-5261-FF03-970CF107B529</generatorID>
<ownerDesignName>mh_oraclemodel</ownerDesignName>
<useDomainConstraints>false</useDomainConstraints>
<use>1</use>
<logicalDatatype>LOGDT019</logicalDatatype>
<dataTypePrecision>7</dataTypePrecision>
<ownDataTypeParameters>,,</ownDataTypeParameters>
<previousColumn>false</previousColumn>
<autoIncrementCycle>false</autoIncrementCycle>
<associations>
<colAssociation fkAssociation="696C5AA6-4252-47C7-A5B8-6982A47AB475" referredColumn="694DC3A1-33DF-8BCA-A9BD-A3D70C1CE6E5"/>
</associations>
</Column>
<Column name="quantity" id="2A78E546-C130-905A-3F90-287E975527E3">
<createdBy>deepa</createdBy>
<createdTime>2019-05-01 03:40:57 UTC</createdTime>
<commentInRDBMS>Quantity of item used</commentInRDBMS>
<generatorID>1548FF9A-0DAD-6F33-4AFA-75729FB73691</generatorID>
<ownerDesignName>mh_oraclemodel</ownerDesignName>
<nullsAllowed>true</nullsAllowed>
<useDomainConstraints>false</useDomainConstraints>
<use>1</use>
<logicalDatatype>LOGDT019</logicalDatatype>
<dataTypePrecision>10</dataTypePrecision>
<ownDataTypeParameters>,10,</ownDataTypeParameters>
<autoIncrementCycle>false</autoIncrementCycle>
</Column>
<Column name="total_item_charge" id="2DEC8F68-5217-9606-935B-31E093BB5CEB">
<createdBy>deepa</createdBy>
<createdTime>2019-05-01 03:40:57 UTC</createdTime>
<commentInRDBMS>Charge of each type of item used</commentInRDBMS>
<generatorID>7C2194DE-FC59-0274-473F-16F330D15A05</generatorID>
<ownerDesignName>mh_oraclemodel</ownerDesignName>
<nullsAllowed>true</nullsAllowed>
<useDomainConstraints>false</useDomainConstraints>
<use>1</use>
<logicalDatatype>LOGDT019</logicalDatatype>
<dataTypePrecision>10</dataTypePrecision>
<dataTypeScale>2</dataTypeScale>
<ownDataTypeParameters>,10,2</ownDataTypeParameters>
<autoIncrementCycle>false</autoIncrementCycle>
</Column>
</columns>
<indexes itemClass="oracle.dbtools.crest.model.design.relational.Index">
<ind_PK_UK id="F98487FB-179D-AE33-D7DD-6B412167600C" name="ITEM_REQ_PK">
<createdBy>deepa</createdBy>
<createdTime>2019-05-01 03:40:57 UTC</createdTime>
<generatorID>B237AFE7-ACC4-997D-1DD1-57542660059F</generatorID>
<ownerDesignName>mh_oraclemodel</ownerDesignName>
<pk>true</pk>
<indexState>Primary Constraint</indexState>
<isSurrogateKey>false</isSurrogateKey>
<indexColumnUsage>
<colUsage columnID="A1A997D1-00AE-63E3-406B-1B8DDC71BCAB"/>
<colUsage columnID="37A75EA4-9D2C-EAC6-8DE8-CBB136243555"/>
</indexColumnUsage>
</ind_PK_UK>
<ind_PK_UK id="D8A20EA0-E453-760F-EF8E-0E66B0C97FCE" name="ITEM_REQ_ITEM_FK">
<createdBy>deepa</createdBy>
<createdTime>2019-05-01 03:40:57 UTC</createdTime>
<generatorID>8044AE28-0955-AC84-80DC-453ECF9B7D96</generatorID>
<ownerDesignName>mh_oraclemodel</ownerDesignName>
<indexState>Foreign Key</indexState>
<isSurrogateKey>false</isSurrogateKey>
<indexColumnUsage>
<colUsage columnID="A1A997D1-00AE-63E3-406B-1B8DDC71BCAB"/>
</indexColumnUsage>
</ind_PK_UK>
<ind_PK_UK id="6F422779-6390-43A4-1631-4B1064968EB9" name="ITEM_REQ_ADM_PRO_FK">
<createdBy>deepa</createdBy>
<createdTime>2019-05-01 03:40:57 UTC</createdTime>
<generatorID>2B61C81D-C867-6725-34E9-1EB7590A5388</generatorID>
<ownerDesignName>mh_oraclemodel</ownerDesignName>
<indexState>Foreign Key</indexState>
<isSurrogateKey>false</isSurrogateKey>
<indexColumnUsage>
<colUsage columnID="37A75EA4-9D2C-EAC6-8DE8-CBB136243555"/>
</indexColumnUsage>
</ind_PK_UK>
</indexes>
</Table>