<?xml version = '1.0' encoding = 'UTF-8'?>
<Entity class="oracle.dbtools.crest.model.design.logical.Entity" directorySegmentName="seg_0" id="07E629E8-5A1A-6B93-05DF-1BD0FCF38271" name="PATIENT">
<createdBy>deepa</createdBy>
<createdTime>2019-04-29 11:59:45 UTC</createdTime>
<ownerDesignName>mh_oraclemodel</ownerDesignName>
<engineerTo>
<item key="DE6E52BE-0524-CC5B-C846-597968A54AD7" value="true"/>
</engineerTo>
<adequatelyNormalized>NO</adequatelyNormalized>
<expectedVolumes>0</expectedVolumes>
<fwdEngineeringStrategyName>Single Table</fwdEngineeringStrategyName>
<growthPercent>0</growthPercent>
<growthType>Year</growthType>
<maxVolumes>9999999</maxVolumes>
<minVolumes>0</minVolumes>
<normalForm>Third</normalForm>
<attributes itemClass="oracle.dbtools.crest.model.design.logical.Attribute">
<Attribute name="pat_id" id="9E3D443A-B118-6800-4059-D4876728F286">
<createdBy>deepa</createdBy>
<createdTime>2019-04-29 12:29:06 UTC</createdTime>
<commentInRDBMS>Patient ID - Primary key of PATIENT entity</commentInRDBMS>
<ownerDesignName>mh_oraclemodel</ownerDesignName>
<engineerTo>
<item key="DE6E52BE-0524-CC5B-C846-597968A54AD7" value="true"/>
</engineerTo>
<constraintName>patient_id check</constraintName>
<useDomainConstraints>false</useDomainConstraints>
<use>1</use>
<logicalDatatype>LOGDT019</logicalDatatype>
<dataTypePrecision>7</dataTypePrecision>
<checkConstraint>
<implementationDef dbType="Oracle Database 11g" definition="pat_id&gt;0"/>
</checkConstraint>
<ownDataTypeParameters>,7,</ownDataTypeParameters>
</Attribute>
<Attribute name="patient_first_name" id="F6F4D430-7007-0218-6392-A0643188191E">
<createdBy>deepa</createdBy>
<createdTime>2019-04-29 12:30:36 UTC</createdTime>
<commentInRDBMS>Patient&apos;s first name</commentInRDBMS>
<ownerDesignName>mh_oraclemodel</ownerDesignName>
<engineerTo>
<item key="DE6E52BE-0524-CC5B-C846-597968A54AD7" value="true"/>
</engineerTo>
<useDomainConstraints>false</useDomainConstraints>
<use>1</use>
<logicalDatatype>LOGDT024</logicalDatatype>
<dataTypeSize>50</dataTypeSize>
<ownDataTypeParameters>50,,</ownDataTypeParameters>
</Attribute>
<Attribute name="patient_last_name" id="F2B0A5DB-D710-F3C8-3221-C9F9EF7BADA9">
<createdBy>deepa</createdBy>
<createdTime>2019-04-29 12:33:24 UTC</createdTime>
<commentInRDBMS>Patient&apos;s last name</commentInRDBMS>
<ownerDesignName>mh_oraclemodel</ownerDesignName>
<engineerTo>
<item key="DE6E52BE-0524-CC5B-C846-597968A54AD7" value="true"/>
</engineerTo>
<useDomainConstraints>false</useDomainConstraints>
<use>1</use>
<logicalDatatype>LOGDT024</logicalDatatype>
<dataTypeSize>50</dataTypeSize>
<ownDataTypeParameters>50,,</ownDataTypeParameters>
</Attribute>
<Attribute name="patient_address" id="7FB55751-4B7C-1F71-4FA9-F64B7D432EE4">
<createdBy>deepa</createdBy>
<createdTime>2019-04-29 12:35:09 UTC</createdTime>
<commentInRDBMS>Patient&apos;s address</commentInRDBMS>
<ownerDesignName>mh_oraclemodel</ownerDesignName>
<engineerTo>
<item key="DE6E52BE-0524-CC5B-C846-597968A54AD7" value="true"/>
</engineerTo>
<nullsAllowed>true</nullsAllowed>
<useDomainConstraints>false</useDomainConstraints>
<use>1</use>
<logicalDatatype>LOGDT024</logicalDatatype>
<dataTypeSize>50</dataTypeSize>
<ownDataTypeParameters>50,,</ownDataTypeParameters>
</Attribute>
<Attribute name="date_of_birth" id="9E7BD4ED-CBE7-0D48-D508-E5C3F408C82A">
<createdBy>deepa</createdBy>
<createdTime>2019-04-29 12:36:54 UTC</createdTime>
<commentInRDBMS>Patient&apos;s date of birth</commentInRDBMS>
<ownerDesignName>mh_oraclemodel</ownerDesignName>
<engineerTo>
<item key="DE6E52BE-0524-CC5B-C846-597968A54AD7" value="true"/>
</engineerTo>
<useDomainConstraints>false</useDomainConstraints>
<use>1</use>
<logicalDatatype>LOGDT007</logicalDatatype>
<ownDataTypeParameters>,,</ownDataTypeParameters>
</Attribute>
<Attribute name="emergency_contact_num" id="1C98EF44-FA53-37EE-0D62-44A96EDE725F">
<createdBy>deepa</createdBy>
<createdTime>2019-04-29 12:39:11 UTC</createdTime>
<commentInRDBMS>Patient&apos;s emergency contact number</commentInRDBMS>
<ownerDesignName>mh_oraclemodel</ownerDesignName>
<engineerTo>
<item key="DE6E52BE-0524-CC5B-C846-597968A54AD7" value="true"/>
</engineerTo>
<useDomainConstraints>false</useDomainConstraints>
<use>1</use>
<logicalDatatype>LOGDT019</logicalDatatype>
<dataTypePrecision>12</dataTypePrecision>
<ownDataTypeParameters>,12,</ownDataTypeParameters>
</Attribute>
</attributes>
<identifiers itemClass="oracle.dbtools.crest.model.design.logical.CandidateKey">
<identifier id="1D77AA3D-DFF2-89DB-E086-ADEDCE836D97" name="PATIENT PK">
<createdBy>deepa</createdBy>
<createdTime>2019-04-29 12:29:18 UTC</createdTime>
<ownerDesignName>mh_oraclemodel</ownerDesignName>
<engineerTo>
<item key="DE6E52BE-0524-CC5B-C846-597968A54AD7" value="true"/>
</engineerTo>
<pk>true</pk>
<usedAttributes>
<attributeRef>9E3D443A-B118-6800-4059-D4876728F286</attributeRef>
</usedAttributes>
</identifier>
</identifiers>
</Entity>