<?xml version = '1.0' encoding = 'UTF-8'?>
<Entity class="oracle.dbtools.crest.model.design.logical.Entity" directorySegmentName="seg_0" id="1AA2FB1A-2EF2-D0D5-7643-34EAA7B84AC8" name="WARD_ASSIGN">
<createdBy>deepa</createdBy>
<createdTime>2019-04-29 12:18:40 UTC</createdTime>
<ownerDesignName>mh_oraclemodel</ownerDesignName>
<engineerTo>
<item key="62EBF2D9-17A1-E904-AAB0-CFD53237EE33" value="true"/>
</engineerTo>
<adequatelyNormalized>NO</adequatelyNormalized>
<expectedVolumes>0</expectedVolumes>
<fwdEngineeringStrategyName>Single Table</fwdEngineeringStrategyName>
<growthPercent>0</growthPercent>
<growthType>Year</growthType>
<maxVolumes>9999999</maxVolumes>
<minVolumes>0</minVolumes>
<normalForm>Third</normalForm>
<attributes itemClass="oracle.dbtools.crest.model.design.logical.Attribute">
<Attribute name="nurse_id" id="3732A6AF-BACD-09B0-3855-997796A96EEA">
<createdBy>deepa</createdBy>
<createdTime>2019-04-29 14:22:53 UTC</createdTime>
<commentInRDBMS>Nurse ID</commentInRDBMS>
<generatorID>72167E0C-C829-CA6A-A8C4-D9EEED67F245</generatorID>
<ownerDesignName>mh_oraclemodel</ownerDesignName>
<engineerTo>
<item key="62EBF2D9-17A1-E904-AAB0-CFD53237EE33" value="true"/>
</engineerTo>
<referedAttribute>30B454D5-0337-C842-A445-28C100062BF4</referedAttribute>
<useDomainConstraints>false</useDomainConstraints>
<use>1</use>
<logicalDatatype>LOGDT019</logicalDatatype>
<dataTypePrecision>7</dataTypePrecision>
<ownDataTypeParameters>,,</ownDataTypeParameters>
</Attribute>
<Attribute name="ward_assigned_date" id="C926A21D-06A7-8A94-123F-6491F6D19D9D">
<createdBy>deepa</createdBy>
<createdTime>2019-04-29 15:29:58 UTC</createdTime>
<commentInRDBMS>Assignment date of ward</commentInRDBMS>
<ownerDesignName>mh_oraclemodel</ownerDesignName>
<engineerTo>
<item key="62EBF2D9-17A1-E904-AAB0-CFD53237EE33" value="true"/>
</engineerTo>
<useDomainConstraints>false</useDomainConstraints>
<use>1</use>
<logicalDatatype>LOGDT007</logicalDatatype>
<ownDataTypeParameters>,,</ownDataTypeParameters>
</Attribute>
<Attribute name="ward_date_completed" id="B093893F-46C5-54D9-5B7D-5B2B7C777C11">
<createdBy>deepa</createdBy>
<createdTime>2019-04-29 15:30:58 UTC</createdTime>
<commentInRDBMS>Completion date of ward assignment</commentInRDBMS>
<ownerDesignName>mh_oraclemodel</ownerDesignName>
<engineerTo>
<item key="62EBF2D9-17A1-E904-AAB0-CFD53237EE33" value="true"/>
</engineerTo>
<useDomainConstraints>false</useDomainConstraints>
<use>1</use>
<logicalDatatype>LOGDT007</logicalDatatype>
<ownDataTypeParameters>,,</ownDataTypeParameters>
</Attribute>
<Attribute name="ward_code" id="8F9E2D18-9F97-1322-CB07-B7162170EDBC">
<createdBy>deepa</createdBy>
<createdTime>2019-04-29 14:43:39 UTC</createdTime>
<commentInRDBMS>Ward code - Primary key</commentInRDBMS>
<generatorID>8A469B00-00F5-E944-B949-FDECD817080C</generatorID>
<ownerDesignName>mh_oraclemodel</ownerDesignName>
<engineerTo>
<item key="62EBF2D9-17A1-E904-AAB0-CFD53237EE33" value="true"/>
</engineerTo>
<referedAttribute>5B6AAECD-027E-96AC-4A96-2CF74936B838</referedAttribute>
<useDomainConstraints>false</useDomainConstraints>
<use>1</use>
<logicalDatatype>LOGDT019</logicalDatatype>
<dataTypePrecision>7</dataTypePrecision>
<ownDataTypeParameters>,,</ownDataTypeParameters>
</Attribute>
</attributes>
<identifiers itemClass="oracle.dbtools.crest.model.design.logical.CandidateKey">
<identifier id="E78EE754-288C-936C-1FCD-157D8B589E42" name="WARD-ASSIGNMENT PK">
<createdBy>deepa</createdBy>
<createdTime>2019-04-29 14:22:53 UTC</createdTime>
<ownerDesignName>mh_oraclemodel</ownerDesignName>
<engineerTo>
<item key="62EBF2D9-17A1-E904-AAB0-CFD53237EE33" value="true"/>
</engineerTo>
<pk>true</pk>
<usedAttributes>
<attributeRef>3732A6AF-BACD-09B0-3855-997796A96EEA</attributeRef>
<attributeRef>C926A21D-06A7-8A94-123F-6491F6D19D9D</attributeRef>
</usedAttributes>
</identifier>
</identifiers>
</Entity>