<?xml version = '1.0' encoding = 'UTF-8'?>
<Entity class="oracle.dbtools.crest.model.design.logical.Entity" directorySegmentName="seg_0" id="205AD5BC-92B0-E02D-684C-1550818B72E7" name="BED_ASSIGN">
<createdBy>deepa</createdBy>
<createdTime>2019-04-29 12:17:17 UTC</createdTime>
<ownerDesignName>mh_oraclemodel</ownerDesignName>
<engineerTo>
<item key="62EBF2D9-17A1-E904-AAB0-CFD53237EE33" value="true"/>
</engineerTo>
<adequatelyNormalized>NO</adequatelyNormalized>
<expectedVolumes>0</expectedVolumes>
<fwdEngineeringStrategyName>Single Table</fwdEngineeringStrategyName>
<growthPercent>0</growthPercent>
<growthType>Year</growthType>
<maxVolumes>9999999</maxVolumes>
<minVolumes>0</minVolumes>
<normalForm>Third</normalForm>
<attributes itemClass="oracle.dbtools.crest.model.design.logical.Attribute">
<Attribute name="adm_num" id="92EF9059-F9D2-6B7B-003B-C2B63C2F6144">
<createdBy>deepa</createdBy>
<createdTime>2019-05-01 00:51:01 UTC</createdTime>
<commentInRDBMS>Admission number-Surrogate key for admission entity</commentInRDBMS>
<generatorID>A0DA54A4-C907-0DAB-5776-7D687A6010CD</generatorID>
<ownerDesignName>mh_oraclemodel</ownerDesignName>
<engineerTo>
<item key="62EBF2D9-17A1-E904-AAB0-CFD53237EE33" value="true"/>
</engineerTo>
<referedAttribute>B8D56244-29BB-BE9B-016B-91981510B4DD</referedAttribute>
<useDomainConstraints>false</useDomainConstraints>
<use>1</use>
<logicalDatatype>LOGDT019</logicalDatatype>
<dataTypePrecision>7</dataTypePrecision>
<ownDataTypeParameters>,,</ownDataTypeParameters>
</Attribute>
<Attribute name="bed_assignment_date_time" id="620017F3-90D5-B15D-5A76-577311BAF98C">
<createdBy>deepa</createdBy>
<createdTime>2019-04-29 15:38:30 UTC</createdTime>
<commentInRDBMS>Bed assignment date and time</commentInRDBMS>
<ownerDesignName>mh_oraclemodel</ownerDesignName>
<engineerTo>
<item key="62EBF2D9-17A1-E904-AAB0-CFD53237EE33" value="true"/>
</engineerTo>
<useDomainConstraints>false</useDomainConstraints>
<use>1</use>
<logicalDatatype>LOGDT007</logicalDatatype>
<ownDataTypeParameters>,,</ownDataTypeParameters>
</Attribute>
<Attribute name="ward_code" id="84E23B64-DD14-FA3D-7280-DCA17AE45EA9">
<createdBy>deepa</createdBy>
<createdTime>2019-04-29 15:34:59 UTC</createdTime>
<commentInRDBMS>Ward code - Primary key</commentInRDBMS>
<generatorID>5819D9D3-83A9-FB02-1EDC-6F1B540CAAA9</generatorID>
<ownerDesignName>mh_oraclemodel</ownerDesignName>
<engineerTo>
<item key="62EBF2D9-17A1-E904-AAB0-CFD53237EE33" value="true"/>
</engineerTo>
<referedAttribute>7AA58949-CB81-1BDE-C893-F13B2DA77606</referedAttribute>
<useDomainConstraints>false</useDomainConstraints>
<use>1</use>
<logicalDatatype>LOGDT019</logicalDatatype>
<dataTypePrecision>7</dataTypePrecision>
<ownDataTypeParameters>,7,</ownDataTypeParameters>
</Attribute>
<Attribute name="bed_number" id="1CDC20A4-F834-910A-AA63-23B1FC01E961">
<createdBy>deepa</createdBy>
<createdTime>2019-04-29 15:34:59 UTC</createdTime>
<commentInRDBMS>Bed number</commentInRDBMS>
<generatorID>5819D9D3-83A9-FB02-1EDC-6F1B540CAAA9</generatorID>
<ownerDesignName>mh_oraclemodel</ownerDesignName>
<engineerTo>
<item key="62EBF2D9-17A1-E904-AAB0-CFD53237EE33" value="true"/>
</engineerTo>
<referedAttribute>29B16280-1EB7-C389-8493-E3DB2DA3F387</referedAttribute>
<useDomainConstraints>false</useDomainConstraints>
<use>1</use>
<logicalDatatype>LOGDT019</logicalDatatype>
<dataTypePrecision>7</dataTypePrecision>
<ownDataTypeParameters>,7,</ownDataTypeParameters>
</Attribute>
</attributes>
<identifiers itemClass="oracle.dbtools.crest.model.design.logical.CandidateKey">
<identifier id="222B8746-F956-94CC-CC65-68A766730EFB" name="BED-ASSIGN PK">
<createdBy>deepa</createdBy>
<createdTime>2019-04-29 15:32:56 UTC</createdTime>
<ownerDesignName>mh_oraclemodel</ownerDesignName>
<engineerTo>
<item key="62EBF2D9-17A1-E904-AAB0-CFD53237EE33" value="true"/>
</engineerTo>
<pk>true</pk>
<usedAttributes>
<attributeRef>620017F3-90D5-B15D-5A76-577311BAF98C</attributeRef>
<attributeRef>92EF9059-F9D2-6B7B-003B-C2B63C2F6144</attributeRef>
</usedAttributes>
</identifier>
</identifiers>
</Entity>