<?xml version = '1.0' encoding = 'UTF-8'?>
<Entity class="oracle.dbtools.crest.model.design.logical.Entity" directorySegmentName="seg_0" id="397B9696-3157-6051-ECC9-632F55F4F40E" name="ITEM">
<createdBy>deepa</createdBy>
<createdTime>2019-04-29 12:19:23 UTC</createdTime>
<ownerDesignName>mh_oraclemodel</ownerDesignName>
<engineerTo>
<item key="780818F7-05C7-D5A4-2847-E8895712CF35" value="true"/>
</engineerTo>
<adequatelyNormalized>NO</adequatelyNormalized>
<expectedVolumes>0</expectedVolumes>
<fwdEngineeringStrategyName>Single Table</fwdEngineeringStrategyName>
<growthPercent>0</growthPercent>
<growthType>Year</growthType>
<maxVolumes>9999999</maxVolumes>
<minVolumes>0</minVolumes>
<normalForm>Third</normalForm>
<attributes itemClass="oracle.dbtools.crest.model.design.logical.Attribute">
<Attribute name="item_code" id="75E39E49-CCAD-9730-3A60-F21E03600FBE">
<createdBy>deepa</createdBy>
<createdTime>2019-04-29 13:25:43 UTC</createdTime>
<commentInRDBMS>Item code - Primary key of ITEM entity</commentInRDBMS>
<ownerDesignName>mh_oraclemodel</ownerDesignName>
<engineerTo>
<item key="780818F7-05C7-D5A4-2847-E8895712CF35" value="true"/>
</engineerTo>
<useDomainConstraints>false</useDomainConstraints>
<use>1</use>
<logicalDatatype>LOGDT024</logicalDatatype>
<dataTypeSize>10</dataTypeSize>
<ownDataTypeParameters>10,,</ownDataTypeParameters>
</Attribute>
<Attribute name="item_description" id="38CBC8F0-362A-DC90-5FC9-85BA7C8450F5">
<createdBy>deepa</createdBy>
<createdTime>2019-04-29 13:27:38 UTC</createdTime>
<commentInRDBMS>Description of item</commentInRDBMS>
<ownerDesignName>mh_oraclemodel</ownerDesignName>
<engineerTo>
<item key="780818F7-05C7-D5A4-2847-E8895712CF35" value="true"/>
</engineerTo>
<useDomainConstraints>false</useDomainConstraints>
<use>1</use>
<logicalDatatype>LOGDT024</logicalDatatype>
<dataTypeSize>50</dataTypeSize>
<ownDataTypeParameters>50,,</ownDataTypeParameters>
</Attribute>
<Attribute name="current_stock" id="386643EC-56C5-0059-47B4-559110DD1130">
<createdBy>deepa</createdBy>
<createdTime>2019-04-29 13:30:32 UTC</createdTime>
<commentInRDBMS>Current available stock of item</commentInRDBMS>
<ownerDesignName>mh_oraclemodel</ownerDesignName>
<engineerTo>
<item key="780818F7-05C7-D5A4-2847-E8895712CF35" value="true"/>
</engineerTo>
<useDomainConstraints>false</useDomainConstraints>
<use>1</use>
<logicalDatatype>LOGDT019</logicalDatatype>
<dataTypePrecision>20</dataTypePrecision>
<ownDataTypeParameters>,20,</ownDataTypeParameters>
</Attribute>
<Attribute name="price" id="E840FCEC-24E1-20D7-38EB-FB58FDDF4096">
<createdBy>deepa</createdBy>
<createdTime>2019-04-29 13:32:21 UTC</createdTime>
<commentInRDBMS>Price of item</commentInRDBMS>
<ownerDesignName>mh_oraclemodel</ownerDesignName>
<engineerTo>
<item key="780818F7-05C7-D5A4-2847-E8895712CF35" value="true"/>
</engineerTo>
<useDomainConstraints>false</useDomainConstraints>
<use>1</use>
<logicalDatatype>LOGDT019</logicalDatatype>
<dataTypePrecision>10</dataTypePrecision>
<dataTypeScale>2</dataTypeScale>
<ownDataTypeParameters>,10,2</ownDataTypeParameters>
</Attribute>
<Attribute name="cost_centre_code" id="CF2DD2F7-2634-1AA0-993E-2C21DFCA7E01">
<createdBy>deepa</createdBy>
<createdTime>2019-04-29 16:04:17 UTC</createdTime>
<commentInRDBMS>Cost centre code - Primery key of the entity</commentInRDBMS>
<generatorID>06C0A7B9-160E-12F6-D46A-8A8552EE20F6</generatorID>
<ownerDesignName>mh_oraclemodel</ownerDesignName>
<engineerTo>
<item key="780818F7-05C7-D5A4-2847-E8895712CF35" value="true"/>
</engineerTo>
<referedAttribute>10538F47-0698-487E-80D7-352EF7613F51</referedAttribute>
<useDomainConstraints>false</useDomainConstraints>
<use>1</use>
<logicalDatatype>LOGDT019</logicalDatatype>
<dataTypePrecision>7</dataTypePrecision>
<ownDataTypeParameters>,7,</ownDataTypeParameters>
</Attribute>
</attributes>
<identifiers itemClass="oracle.dbtools.crest.model.design.logical.CandidateKey">
<identifier id="1A8FD504-FB14-DA15-C1FD-777C2CBA86AA" name="ITEM PK">
<createdBy>deepa</createdBy>
<createdTime>2019-04-29 13:26:16 UTC</createdTime>
<ownerDesignName>mh_oraclemodel</ownerDesignName>
<shouldEngineer>false</shouldEngineer>
<engineerTo>
<item key="780818F7-05C7-D5A4-2847-E8895712CF35" value="false"/>
</engineerTo>
<pk>true</pk>
<usedAttributes>
<attributeRef>75E39E49-CCAD-9730-3A60-F21E03600FBE</attributeRef>
</usedAttributes>
</identifier>
</identifiers>
</Entity>