<?xml version = '1.0' encoding = 'UTF-8'?>
<Entity class="oracle.dbtools.crest.model.design.logical.Entity" directorySegmentName="seg_0" id="3A62F7AD-C607-63FF-C6D7-3795CB52ECCD" name="DOC_SPEC">
<createdBy>deepa</createdBy>
<createdTime>2019-04-29 12:26:29 UTC</createdTime>
<ownerDesignName>mh_oraclemodel</ownerDesignName>
<engineerTo>
<item key="62EBF2D9-17A1-E904-AAB0-CFD53237EE33" value="true"/>
</engineerTo>
<adequatelyNormalized>NO</adequatelyNormalized>
<expectedVolumes>0</expectedVolumes>
<fwdEngineeringStrategyName>Single Table</fwdEngineeringStrategyName>
<growthPercent>0</growthPercent>
<growthType>Year</growthType>
<maxVolumes>9999999</maxVolumes>
<minVolumes>0</minVolumes>
<normalForm>Third</normalForm>
<attributes itemClass="oracle.dbtools.crest.model.design.logical.Attribute">
<Attribute name="doctor_id" id="336DCC54-20F8-EE3D-D188-A81F67BA57F1">
<createdBy>deepa</createdBy>
<createdTime>2019-04-29 14:14:47 UTC</createdTime>
<commentInRDBMS>Doctor ID - Primary key of DOCTOR entity</commentInRDBMS>
<generatorID>CC00AD18-1B87-9976-AD5A-60572D52CA8F</generatorID>
<ownerDesignName>mh_oraclemodel</ownerDesignName>
<engineerTo>
<item key="62EBF2D9-17A1-E904-AAB0-CFD53237EE33" value="true"/>
</engineerTo>
<referedAttribute>DAC3E62E-A48D-8421-F39F-F8DA86699592</referedAttribute>
<useDomainConstraints>false</useDomainConstraints>
<use>1</use>
<logicalDatatype>LOGDT019</logicalDatatype>
<dataTypePrecision>7</dataTypePrecision>
<ownDataTypeParameters>,7,</ownDataTypeParameters>
</Attribute>
<Attribute name="specialisation" id="9F9AF099-7B39-F8F4-3B8A-BFD21928EE8E">
<createdBy>deepa</createdBy>
<createdTime>2019-04-29 14:16:39 UTC</createdTime>
<commentInRDBMS>Specialisation type</commentInRDBMS>
<generatorID>B48E43D5-227E-65B9-075D-136C17A27475</generatorID>
<ownerDesignName>mh_oraclemodel</ownerDesignName>
<engineerTo>
<item key="62EBF2D9-17A1-E904-AAB0-CFD53237EE33" value="true"/>
</engineerTo>
<referedAttribute>4F47C285-4C2A-D854-142F-D4433B824199</referedAttribute>
<useDomainConstraints>false</useDomainConstraints>
<use>1</use>
<logicalDatatype>LOGDT024</logicalDatatype>
<dataTypeSize>50</dataTypeSize>
<ownDataTypeParameters>50,,</ownDataTypeParameters>
</Attribute>
</attributes>
<identifiers itemClass="oracle.dbtools.crest.model.design.logical.CandidateKey">
<identifier id="54A8D093-AADF-D757-CD33-84F6F050883C" name="DOCTOR-SPECIALISATION PK">
<createdBy>deepa</createdBy>
<createdTime>2019-04-29 14:13:23 UTC</createdTime>
<ownerDesignName>mh_oraclemodel</ownerDesignName>
<engineerTo>
<item key="62EBF2D9-17A1-E904-AAB0-CFD53237EE33" value="true"/>
</engineerTo>
<pk>true</pk>
<usedAttributes>
<attributeRef>336DCC54-20F8-EE3D-D188-A81F67BA57F1</attributeRef>
<attributeRef>9F9AF099-7B39-F8F4-3B8A-BFD21928EE8E</attributeRef>
</usedAttributes>
</identifier>
</identifiers>
</Entity>