<?xml version = '1.0' encoding = 'UTF-8'?>
<Entity class="oracle.dbtools.crest.model.design.logical.Entity" directorySegmentName="seg_0" id="3A9004BA-434E-4DA3-8C6C-64843FA2990E" name="BED">
<createdBy>deepa</createdBy>
<createdTime>2019-04-29 12:17:56 UTC</createdTime>
<ownerDesignName>mh_oraclemodel</ownerDesignName>
<engineerTo>
<item key="69EF506A-4F49-5B5C-C542-9B11A7C30BE7" value="true"/>
</engineerTo>
<adequatelyNormalized>NO</adequatelyNormalized>
<expectedVolumes>0</expectedVolumes>
<fwdEngineeringStrategyName>Single Table</fwdEngineeringStrategyName>
<growthPercent>0</growthPercent>
<growthType>Year</growthType>
<maxVolumes>9999999</maxVolumes>
<minVolumes>0</minVolumes>
<normalForm>Third</normalForm>
<attributes itemClass="oracle.dbtools.crest.model.design.logical.Attribute">
<Attribute name="ward_code" id="7AA58949-CB81-1BDE-C893-F13B2DA77606">
<createdBy>deepa</createdBy>
<createdTime>2019-04-29 14:27:41 UTC</createdTime>
<commentInRDBMS>Ward code - Primary key</commentInRDBMS>
<generatorID>F4020668-5BA8-100C-83BD-4F3255246D4F</generatorID>
<ownerDesignName>mh_oraclemodel</ownerDesignName>
<engineerTo>
<item key="69EF506A-4F49-5B5C-C542-9B11A7C30BE7" value="true"/>
</engineerTo>
<referedAttribute>5B6AAECD-027E-96AC-4A96-2CF74936B838</referedAttribute>
<useDomainConstraints>false</useDomainConstraints>
<use>1</use>
<logicalDatatype>LOGDT019</logicalDatatype>
<dataTypePrecision>7</dataTypePrecision>
<ownDataTypeParameters>,,</ownDataTypeParameters>
</Attribute>
<Attribute name="bed_number" id="29B16280-1EB7-C389-8493-E3DB2DA3F387">
<createdBy>deepa</createdBy>
<createdTime>2019-04-29 14:48:02 UTC</createdTime>
<commentInRDBMS>Bed number</commentInRDBMS>
<ownerDesignName>mh_oraclemodel</ownerDesignName>
<engineerTo>
<item key="69EF506A-4F49-5B5C-C542-9B11A7C30BE7" value="true"/>
</engineerTo>
<constraintName>bed_number check</constraintName>
<useDomainConstraints>false</useDomainConstraints>
<use>1</use>
<logicalDatatype>LOGDT019</logicalDatatype>
<dataTypePrecision>7</dataTypePrecision>
<checkConstraint>
<implementationDef dbType="Oracle Database 11g" definition="bed_number&gt;0"/>
</checkConstraint>
<ownDataTypeParameters>,7,</ownDataTypeParameters>
</Attribute>
<Attribute name="telephone_number" id="4068565F-C0FC-1C9A-16A4-8C39B8146449">
<createdBy>deepa</createdBy>
<createdTime>2019-04-29 14:48:45 UTC</createdTime>
<commentInRDBMS>Bedside telephone number</commentInRDBMS>
<ownerDesignName>mh_oraclemodel</ownerDesignName>
<engineerTo>
<item key="69EF506A-4F49-5B5C-C542-9B11A7C30BE7" value="true"/>
</engineerTo>
<nullsAllowed>true</nullsAllowed>
<useDomainConstraints>false</useDomainConstraints>
<use>1</use>
<logicalDatatype>LOGDT019</logicalDatatype>
<dataTypePrecision>12</dataTypePrecision>
<ownDataTypeParameters>,12,</ownDataTypeParameters>
</Attribute>
<Attribute name="bed_type" id="657F770A-D9B6-F677-D850-C073CA62C4F3">
<createdBy>deepa</createdBy>
<createdTime>2019-04-29 14:49:23 UTC</createdTime>
<commentInRDBMS>Bed type</commentInRDBMS>
<ownerDesignName>mh_oraclemodel</ownerDesignName>
<engineerTo>
<item key="69EF506A-4F49-5B5C-C542-9B11A7C30BE7" value="true"/>
</engineerTo>
<constraintName>Type of bed</constraintName>
<useDomainConstraints>false</useDomainConstraints>
<use>1</use>
<logicalDatatype>LOGDT024</logicalDatatype>
<dataTypeSize>20</dataTypeSize>
<listOfValues>
<valueDef value="Adjustable" description="Adjustable bed"/>
<valueDef value="Fixed" description="Fixed bed"/>
</listOfValues>
<ownDataTypeParameters>20,,</ownDataTypeParameters>
</Attribute>
</attributes>
<identifiers itemClass="oracle.dbtools.crest.model.design.logical.CandidateKey">
<identifier id="4877D704-50E5-683C-DC12-E06E52433099" name="BED PK">
<createdBy>deepa</createdBy>
<createdTime>2019-04-29 14:27:41 UTC</createdTime>
<ownerDesignName>mh_oraclemodel</ownerDesignName>
<shouldEngineer>false</shouldEngineer>
<engineerTo>
<item key="69EF506A-4F49-5B5C-C542-9B11A7C30BE7" value="false"/>
</engineerTo>
<pk>true</pk>
<usedAttributes>
<attributeRef>7AA58949-CB81-1BDE-C893-F13B2DA77606</attributeRef>
<attributeRef>29B16280-1EB7-C389-8493-E3DB2DA3F387</attributeRef>
</usedAttributes>
</identifier>
</identifiers>
</Entity>