<?xml version = '1.0' encoding = 'UTF-8'?>
<Entity class="oracle.dbtools.crest.model.design.logical.Entity" directorySegmentName="seg_0" id="45F34169-7A5A-5327-FAF0-AA269619E9BA" name="COST CENTRE">
<createdBy>deepa</createdBy>
<createdTime>2019-04-29 12:25:59 UTC</createdTime>
<ownerDesignName>mh_oraclemodel</ownerDesignName>
<engineerTo>
<item key="780818F7-05C7-D5A4-2847-E8895712CF35" value="true"/>
</engineerTo>
<adequatelyNormalized>NO</adequatelyNormalized>
<expectedVolumes>0</expectedVolumes>
<fwdEngineeringStrategyName>Single Table</fwdEngineeringStrategyName>
<growthPercent>0</growthPercent>
<growthType>Year</growthType>
<maxVolumes>9999999</maxVolumes>
<minVolumes>0</minVolumes>
<normalForm>Third</normalForm>
<attributes itemClass="oracle.dbtools.crest.model.design.logical.Attribute">
<Attribute name="cost_centre_code" id="10538F47-0698-487E-80D7-352EF7613F51">
<createdBy>deepa</createdBy>
<createdTime>2019-04-29 13:12:28 UTC</createdTime>
<commentInRDBMS>Cost centre code - Primery key of the entity</commentInRDBMS>
<ownerDesignName>mh_oraclemodel</ownerDesignName>
<engineerTo>
<item key="780818F7-05C7-D5A4-2847-E8895712CF35" value="true"/>
</engineerTo>
<constraintName>cost_centre_code</constraintName>
<useDomainConstraints>false</useDomainConstraints>
<use>1</use>
<logicalDatatype>LOGDT019</logicalDatatype>
<dataTypePrecision>7</dataTypePrecision>
<checkConstraint>
<implementationDef dbType="Oracle Database 11g" definition="cost_centre_code&gt;0"/>
</checkConstraint>
<ownDataTypeParameters>,7,</ownDataTypeParameters>
</Attribute>
<Attribute name="cost_centre_title" id="4390EF89-E423-E280-E773-AEC3FCDC5640">
<createdBy>deepa</createdBy>
<createdTime>2019-04-29 13:17:14 UTC</createdTime>
<commentInRDBMS>Title of cost centre</commentInRDBMS>
<ownerDesignName>mh_oraclemodel</ownerDesignName>
<engineerTo>
<item key="780818F7-05C7-D5A4-2847-E8895712CF35" value="true"/>
</engineerTo>
<nullsAllowed>true</nullsAllowed>
<useDomainConstraints>false</useDomainConstraints>
<use>1</use>
<logicalDatatype>LOGDT024</logicalDatatype>
<dataTypeSize>50</dataTypeSize>
<ownDataTypeParameters>50,,</ownDataTypeParameters>
</Attribute>
<Attribute name="manager name" id="F6F94E3B-89FD-7EA1-2380-8E12896D2781">
<createdBy>deepa</createdBy>
<createdTime>2019-04-29 13:19:22 UTC</createdTime>
<commentInRDBMS>Name of manager</commentInRDBMS>
<ownerDesignName>mh_oraclemodel</ownerDesignName>
<engineerTo>
<item key="780818F7-05C7-D5A4-2847-E8895712CF35" value="true"/>
</engineerTo>
<nullsAllowed>true</nullsAllowed>
<useDomainConstraints>false</useDomainConstraints>
<use>1</use>
<logicalDatatype>LOGDT024</logicalDatatype>
<dataTypeSize>50</dataTypeSize>
<ownDataTypeParameters>50,,</ownDataTypeParameters>
</Attribute>
</attributes>
<identifiers itemClass="oracle.dbtools.crest.model.design.logical.CandidateKey">
<identifier id="B2903E58-D1B7-43D5-CE67-534A9080E63C" name="COST CENTRE PK">
<createdBy>deepa</createdBy>
<createdTime>2019-04-29 13:14:41 UTC</createdTime>
<ownerDesignName>mh_oraclemodel</ownerDesignName>
<engineerTo>
<item key="780818F7-05C7-D5A4-2847-E8895712CF35" value="true"/>
</engineerTo>
<pk>true</pk>
<usedAttributes>
<attributeRef>10538F47-0698-487E-80D7-352EF7613F51</attributeRef>
</usedAttributes>
</identifier>
</identifiers>
</Entity>