<?xml version = '1.0' encoding = 'UTF-8'?>
<Entity class="oracle.dbtools.crest.model.design.logical.Entity" directorySegmentName="seg_0" id="6525C96B-5282-65DD-AD0B-68060C27F0C4" name="PROCEDURE">
<createdBy>deepa</createdBy>
<createdTime>2019-04-29 12:15:47 UTC</createdTime>
<ownerDesignName>mh_oraclemodel</ownerDesignName>
<engineerTo>
<item key="780818F7-05C7-D5A4-2847-E8895712CF35" value="true"/>
</engineerTo>
<adequatelyNormalized>NO</adequatelyNormalized>
<expectedVolumes>0</expectedVolumes>
<fwdEngineeringStrategyName>Single Table</fwdEngineeringStrategyName>
<growthPercent>0</growthPercent>
<growthType>Year</growthType>
<maxVolumes>9999999</maxVolumes>
<minVolumes>0</minVolumes>
<normalForm>Third</normalForm>
<attributes itemClass="oracle.dbtools.crest.model.design.logical.Attribute">
<Attribute name="procedure_code" id="BB57F5C8-8C20-BB7E-EE1C-C0EB0369D655">
<createdBy>deepa</createdBy>
<createdTime>2019-04-29 14:05:56 UTC</createdTime>
<commentInRDBMS>Procedure code - Primary key</commentInRDBMS>
<ownerDesignName>mh_oraclemodel</ownerDesignName>
<engineerTo>
<item key="780818F7-05C7-D5A4-2847-E8895712CF35" value="true"/>
</engineerTo>
<constraintName>procedure_code check</constraintName>
<useDomainConstraints>false</useDomainConstraints>
<use>1</use>
<logicalDatatype>LOGDT019</logicalDatatype>
<dataTypePrecision>7</dataTypePrecision>
<checkConstraint>
<implementationDef dbType="Oracle Database 11g" definition="procedure_code&gt;0"/>
</checkConstraint>
<ownDataTypeParameters>,7,</ownDataTypeParameters>
</Attribute>
<Attribute name="procedure_name" id="F4D19FB7-A3CC-CAF2-860B-23EDD0495B95">
<createdBy>deepa</createdBy>
<createdTime>2019-04-29 14:06:33 UTC</createdTime>
<commentInRDBMS>Name of Procedure</commentInRDBMS>
<ownerDesignName>mh_oraclemodel</ownerDesignName>
<engineerTo>
<item key="780818F7-05C7-D5A4-2847-E8895712CF35" value="true"/>
</engineerTo>
<useDomainConstraints>false</useDomainConstraints>
<use>1</use>
<logicalDatatype>LOGDT024</logicalDatatype>
<dataTypeSize>50</dataTypeSize>
<ownDataTypeParameters>50,,</ownDataTypeParameters>
</Attribute>
<Attribute name="procedure_description" id="79121060-0BB7-1346-3101-7A738477DE63">
<createdBy>deepa</createdBy>
<createdTime>2019-04-29 14:07:48 UTC</createdTime>
<commentInRDBMS>Description of procedure</commentInRDBMS>
<ownerDesignName>mh_oraclemodel</ownerDesignName>
<engineerTo>
<item key="780818F7-05C7-D5A4-2847-E8895712CF35" value="true"/>
</engineerTo>
<nullsAllowed>true</nullsAllowed>
<useDomainConstraints>false</useDomainConstraints>
<use>1</use>
<logicalDatatype>LOGDT024</logicalDatatype>
<dataTypeSize>50</dataTypeSize>
<ownDataTypeParameters>50,,</ownDataTypeParameters>
</Attribute>
<Attribute name="time_required" id="5AE5324D-1747-8336-471E-C3A827D25CDA">
<createdBy>deepa</createdBy>
<createdTime>2019-04-29 14:08:36 UTC</createdTime>
<commentInRDBMS>Duration of procedure</commentInRDBMS>
<ownerDesignName>mh_oraclemodel</ownerDesignName>
<engineerTo>
<item key="780818F7-05C7-D5A4-2847-E8895712CF35" value="true"/>
</engineerTo>
<useDomainConstraints>false</useDomainConstraints>
<use>1</use>
<logicalDatatype>LOGDT007</logicalDatatype>
<ownDataTypeParameters>,,</ownDataTypeParameters>
</Attribute>
</attributes>
<identifiers itemClass="oracle.dbtools.crest.model.design.logical.CandidateKey">
<identifier id="C0B917E7-5693-C8B4-1DC4-EF220EA01A5E" name="PROCEDURE PK">
<createdBy>deepa</createdBy>
<createdTime>2019-04-29 14:06:16 UTC</createdTime>
<ownerDesignName>mh_oraclemodel</ownerDesignName>
<engineerTo>
<item key="780818F7-05C7-D5A4-2847-E8895712CF35" value="true"/>
</engineerTo>
<pk>true</pk>
<usedAttributes>
<attributeRef>BB57F5C8-8C20-BB7E-EE1C-C0EB0369D655</attributeRef>
</usedAttributes>
</identifier>
</identifiers>
</Entity>