<?xml version = '1.0' encoding = 'UTF-8'?>
<Entity class="oracle.dbtools.crest.model.design.logical.Entity" directorySegmentName="seg_0" id="6CD7AFFB-809F-B428-FEA2-722B18180F98" name="NURSE">
<createdBy>deepa</createdBy>
<createdTime>2019-04-29 12:18:56 UTC</createdTime>
<ownerDesignName>mh_oraclemodel</ownerDesignName>
<engineerTo>
<item key="780818F7-05C7-D5A4-2847-E8895712CF35" value="true"/>
</engineerTo>
<adequatelyNormalized>NO</adequatelyNormalized>
<expectedVolumes>0</expectedVolumes>
<fwdEngineeringStrategyName>Single Table</fwdEngineeringStrategyName>
<growthPercent>0</growthPercent>
<growthType>Year</growthType>
<maxVolumes>9999999</maxVolumes>
<minVolumes>0</minVolumes>
<normalForm>Third</normalForm>
<attributes itemClass="oracle.dbtools.crest.model.design.logical.Attribute">
<Attribute name="nurse_id" id="30B454D5-0337-C842-A445-28C100062BF4">
<createdBy>deepa</createdBy>
<createdTime>2019-04-29 13:39:02 UTC</createdTime>
<commentInRDBMS>Nurse ID</commentInRDBMS>
<ownerDesignName>mh_oraclemodel</ownerDesignName>
<engineerTo>
<item key="780818F7-05C7-D5A4-2847-E8895712CF35" value="true"/>
</engineerTo>
<constraintName>nurse_id check</constraintName>
<useDomainConstraints>false</useDomainConstraints>
<use>1</use>
<logicalDatatype>LOGDT019</logicalDatatype>
<dataTypePrecision>7</dataTypePrecision>
<checkConstraint>
<implementationDef dbType="Oracle Database 11g" definition="nurse_id&gt;0"/>
</checkConstraint>
<ownDataTypeParameters>,7,</ownDataTypeParameters>
</Attribute>
<Attribute name="nurse_firstname" id="5A44C657-2C3D-7F2A-5713-B4B6A2D962F0">
<createdBy>deepa</createdBy>
<createdTime>2019-04-29 13:42:12 UTC</createdTime>
<commentInRDBMS>Nurse&apos;s first name</commentInRDBMS>
<ownerDesignName>mh_oraclemodel</ownerDesignName>
<engineerTo>
<item key="780818F7-05C7-D5A4-2847-E8895712CF35" value="true"/>
</engineerTo>
<useDomainConstraints>false</useDomainConstraints>
<use>1</use>
<logicalDatatype>LOGDT024</logicalDatatype>
<dataTypeSize>50</dataTypeSize>
<ownDataTypeParameters>50,,</ownDataTypeParameters>
</Attribute>
<Attribute name="nurse_lastname" id="0D9DD5EC-9BE5-D00F-AA21-36D517750B02">
<createdBy>deepa</createdBy>
<createdTime>2019-04-29 13:43:15 UTC</createdTime>
<commentInRDBMS>Nurse&apos;s last name</commentInRDBMS>
<ownerDesignName>mh_oraclemodel</ownerDesignName>
<engineerTo>
<item key="780818F7-05C7-D5A4-2847-E8895712CF35" value="true"/>
</engineerTo>
<useDomainConstraints>false</useDomainConstraints>
<use>1</use>
<logicalDatatype>LOGDT024</logicalDatatype>
<dataTypeSize>50</dataTypeSize>
<ownDataTypeParameters>50,,</ownDataTypeParameters>
</Attribute>
<Attribute name="nurse_contact" id="50408757-DEB3-C844-4DFA-1AA41B60A1D5">
<createdBy>deepa</createdBy>
<createdTime>2019-04-29 13:54:10 UTC</createdTime>
<commentInRDBMS>Nurse&apos;s contact number</commentInRDBMS>
<ownerDesignName>mh_oraclemodel</ownerDesignName>
<engineerTo>
<item key="780818F7-05C7-D5A4-2847-E8895712CF35" value="true"/>
</engineerTo>
<useDomainConstraints>false</useDomainConstraints>
<use>1</use>
<logicalDatatype>LOGDT019</logicalDatatype>
<dataTypePrecision>12</dataTypePrecision>
<ownDataTypeParameters>,12,</ownDataTypeParameters>
</Attribute>
<Attribute name="nurse_certified" id="2A2E080F-1C29-B61B-1C08-B061DDAEC30E">
<createdBy>deepa</createdBy>
<createdTime>2019-04-29 13:55:11 UTC</createdTime>
<commentInRDBMS>Nurse certified for work with children</commentInRDBMS>
<ownerDesignName>mh_oraclemodel</ownerDesignName>
<engineerTo>
<item key="780818F7-05C7-D5A4-2847-E8895712CF35" value="true"/>
</engineerTo>
<constraintName>Nurse Certification</constraintName>
<useDomainConstraints>false</useDomainConstraints>
<use>1</use>
<logicalDatatype>LOGDT025</logicalDatatype>
<dataTypeSize>3</dataTypeSize>
<listOfValues>
<valueDef value="No" description="Nurse is not certified"/>
<valueDef value="Yes" description="Nurse is certified"/>
</listOfValues>
<ownDataTypeParameters>3,,</ownDataTypeParameters>
</Attribute>
</attributes>
<identifiers itemClass="oracle.dbtools.crest.model.design.logical.CandidateKey">
<identifier id="D5D916D0-B9F2-4D72-9E96-80F8C0D8A3EC" name="NURSE PK">
<createdBy>deepa</createdBy>
<createdTime>2019-04-29 13:39:37 UTC</createdTime>
<ownerDesignName>mh_oraclemodel</ownerDesignName>
<engineerTo>
<item key="780818F7-05C7-D5A4-2847-E8895712CF35" value="true"/>
</engineerTo>
<pk>true</pk>
<usedAttributes>
<attributeRef>30B454D5-0337-C842-A445-28C100062BF4</attributeRef>
</usedAttributes>
</identifier>
</identifiers>
</Entity>