<?xml version = '1.0' encoding = 'UTF-8'?>
<Entity class="oracle.dbtools.crest.model.design.logical.Entity" directorySegmentName="seg_0" id="92E3453A-2C16-6CDA-17A6-DD898BF5F8B1" name="ADM_PRO">
<createdBy>deepa</createdBy>
<createdTime>2019-04-29 12:15:34 UTC</createdTime>
<ownerDesignName>mh_oraclemodel</ownerDesignName>
<engineerTo>
<item key="62EBF2D9-17A1-E904-AAB0-CFD53237EE33" value="true"/>
</engineerTo>
<adequatelyNormalized>NO</adequatelyNormalized>
<expectedVolumes>0</expectedVolumes>
<fwdEngineeringStrategyName>Single Table</fwdEngineeringStrategyName>
<growthPercent>0</growthPercent>
<growthType>Year</growthType>
<maxVolumes>9999999</maxVolumes>
<minVolumes>0</minVolumes>
<normalForm>Third</normalForm>
<attributes itemClass="oracle.dbtools.crest.model.design.logical.Attribute">
<Attribute name="adm_pro_num" id="D2E4B325-5A22-3F21-EA58-A64650DCC4F5">
<createdBy>deepa</createdBy>
<createdTime>2019-05-01 01:51:59 UTC</createdTime>
<commentInRDBMS>Admission_Procedure_number-Surrogate key for adm-pro entity</commentInRDBMS>
<ownerDesignName>mh_oraclemodel</ownerDesignName>
<engineerTo>
<item key="62EBF2D9-17A1-E904-AAB0-CFD53237EE33" value="true"/>
</engineerTo>
<constraintName>adm_pro_num check</constraintName>
<useDomainConstraints>false</useDomainConstraints>
<use>1</use>
<logicalDatatype>LOGDT019</logicalDatatype>
<dataTypePrecision>7</dataTypePrecision>
<checkConstraint>
<implementationDef dbType="Oracle Database 11g" definition="adm_pro_num&gt;0"/>
</checkConstraint>
<ownDataTypeParameters>,7,</ownDataTypeParameters>
</Attribute>
<Attribute name="adm_num" id="2592D38F-87C4-2F6F-D44E-E99981C6F58C">
<createdBy>deepa</createdBy>
<createdTime>2019-05-01 00:51:01 UTC</createdTime>
<commentInRDBMS>Admission number-Surrogate key for admission entity</commentInRDBMS>
<generatorID>793ADE38-FC83-5A24-A50F-545C06298CBD</generatorID>
<ownerDesignName>mh_oraclemodel</ownerDesignName>
<engineerTo>
<item key="62EBF2D9-17A1-E904-AAB0-CFD53237EE33" value="true"/>
</engineerTo>
<referedAttribute>B8D56244-29BB-BE9B-016B-91981510B4DD</referedAttribute>
<useDomainConstraints>false</useDomainConstraints>
<use>1</use>
<logicalDatatype>LOGDT019</logicalDatatype>
<dataTypePrecision>7</dataTypePrecision>
<ownDataTypeParameters>,,</ownDataTypeParameters>
</Attribute>
<Attribute name="carr_out_on" id="BCBF0A09-51D3-71DF-8532-6C0EDD7975FE">
<createdBy>deepa</createdBy>
<createdTime>2019-04-29 15:57:37 UTC</createdTime>
<commentInRDBMS>Carried out on - Date and time of procedure performed</commentInRDBMS>
<ownerDesignName>mh_oraclemodel</ownerDesignName>
<engineerTo>
<item key="62EBF2D9-17A1-E904-AAB0-CFD53237EE33" value="true"/>
</engineerTo>
<useDomainConstraints>false</useDomainConstraints>
<use>1</use>
<logicalDatatype>LOGDT007</logicalDatatype>
<ownDataTypeParameters>,,</ownDataTypeParameters>
</Attribute>
<Attribute name="procedure_charge" id="4A572635-9CFC-1365-B655-09552FC0806F">
<createdBy>deepa</createdBy>
<createdTime>2019-04-29 15:55:01 UTC</createdTime>
<commentInRDBMS>Charge of procedure</commentInRDBMS>
<ownerDesignName>mh_oraclemodel</ownerDesignName>
<engineerTo>
<item key="62EBF2D9-17A1-E904-AAB0-CFD53237EE33" value="true"/>
</engineerTo>
<nullsAllowed>true</nullsAllowed>
<useDomainConstraints>false</useDomainConstraints>
<use>1</use>
<logicalDatatype>LOGDT019</logicalDatatype>
<dataTypePrecision>10</dataTypePrecision>
<dataTypeScale>2</dataTypeScale>
<ownDataTypeParameters>,10,2</ownDataTypeParameters>
</Attribute>
<Attribute name="total_extras_charge" id="5092EA0D-A6E3-C982-6CBB-3933E9ACB6FB">
<createdBy>deepa</createdBy>
<createdTime>2019-04-29 15:56:11 UTC</createdTime>
<commentInRDBMS>total charge of extra items</commentInRDBMS>
<ownerDesignName>mh_oraclemodel</ownerDesignName>
<engineerTo>
<item key="62EBF2D9-17A1-E904-AAB0-CFD53237EE33" value="true"/>
</engineerTo>
<nullsAllowed>true</nullsAllowed>
<useDomainConstraints>false</useDomainConstraints>
<use>1</use>
<logicalDatatype>LOGDT019</logicalDatatype>
<dataTypePrecision>10</dataTypePrecision>
<dataTypeScale>2</dataTypeScale>
<ownDataTypeParameters>,10,2</ownDataTypeParameters>
</Attribute>
<Attribute name="procedure_code" id="9B02DCC8-30A0-F683-1263-00CF77370AD1">
<createdBy>deepa</createdBy>
<createdTime>2019-04-29 14:45:06 UTC</createdTime>
<commentInRDBMS>Procedure code - Primary key</commentInRDBMS>
<generatorID>A13EB9B4-8C55-EE6E-226E-1F3DB67499A5</generatorID>
<ownerDesignName>mh_oraclemodel</ownerDesignName>
<engineerTo>
<item key="62EBF2D9-17A1-E904-AAB0-CFD53237EE33" value="true"/>
</engineerTo>
<referedAttribute>BB57F5C8-8C20-BB7E-EE1C-C0EB0369D655</referedAttribute>
<useDomainConstraints>false</useDomainConstraints>
<use>1</use>
<logicalDatatype>LOGDT019</logicalDatatype>
<dataTypePrecision>7</dataTypePrecision>
<ownDataTypeParameters>,,</ownDataTypeParameters>
</Attribute>
<Attribute name="requested_by_id" id="2D05F909-366C-CA5E-C2EA-42554136951F">
<createdBy>deepa</createdBy>
<createdTime>2019-04-29 15:46:46 UTC</createdTime>
<commentInRDBMS>Doctor ID - Primary key of DOCTOR entity</commentInRDBMS>
<generatorID>E382D82E-C4CA-0FC7-ECA6-B42D6620D6EC</generatorID>
<ownerDesignName>mh_oraclemodel</ownerDesignName>
<engineerTo>
<item key="62EBF2D9-17A1-E904-AAB0-CFD53237EE33" value="true"/>
</engineerTo>
<referedAttribute>DAC3E62E-A48D-8421-F39F-F8DA86699592</referedAttribute>
<useDomainConstraints>false</useDomainConstraints>
<use>1</use>
<logicalDatatype>LOGDT019</logicalDatatype>
<dataTypePrecision>7</dataTypePrecision>
<ownDataTypeParameters>,,</ownDataTypeParameters>
</Attribute>
<Attribute name="carried_out_by_id" id="5346269A-F5F0-694D-10E1-ED7371C6E14A">
<createdBy>deepa</createdBy>
<createdTime>2019-04-29 15:48:06 UTC</createdTime>
<commentInRDBMS>Doctor ID - Primary key of DOCTOR entity</commentInRDBMS>
<generatorID>AB5850D1-57B9-E9C7-7AC0-39A731E6CDA1</generatorID>
<ownerDesignName>mh_oraclemodel</ownerDesignName>
<engineerTo>
<item key="62EBF2D9-17A1-E904-AAB0-CFD53237EE33" value="true"/>
</engineerTo>
<nullsAllowed>true</nullsAllowed>
<referedAttribute>DAC3E62E-A48D-8421-F39F-F8DA86699592</referedAttribute>
<useDomainConstraints>false</useDomainConstraints>
<use>1</use>
<logicalDatatype>LOGDT019</logicalDatatype>
<dataTypePrecision>7</dataTypePrecision>
<ownDataTypeParameters>,,</ownDataTypeParameters>
</Attribute>
</attributes>
<identifiers itemClass="oracle.dbtools.crest.model.design.logical.CandidateKey">
<identifier id="CE4B12AF-66FD-DEB3-287A-48CB26C814D9" name="ADM-PRO PK">
<createdBy>deepa</createdBy>
<createdTime>2019-04-29 15:44:28 UTC</createdTime>
<ownerDesignName>mh_oraclemodel</ownerDesignName>
<engineerTo>
<item key="62EBF2D9-17A1-E904-AAB0-CFD53237EE33" value="true"/>
</engineerTo>
<pk>true</pk>
<usedAttributes>
<attributeRef>D2E4B325-5A22-3F21-EA58-A64650DCC4F5</attributeRef>
</usedAttributes>
</identifier>
<identifier id="00BE2821-ADA0-7277-7720-C63178A9EBE2" name="ADM-PRO_NK">
<createdBy>deepa</createdBy>
<createdTime>2019-05-01 01:55:41 UTC</createdTime>
<ownerDesignName>mh_oraclemodel</ownerDesignName>
<shouldEngineer>false</shouldEngineer>
<engineerTo>
<item key="62EBF2D9-17A1-E904-AAB0-CFD53237EE33" value="false"/>
</engineerTo>
<newElementsIDs>BCBF0A09-51D3-71DF-8532-6C0EDD7975FE,793ADE38-FC83-5A24-A50F-545C06298CBD</newElementsIDs>
<usedAttributes>
<attributeRef>BCBF0A09-51D3-71DF-8532-6C0EDD7975FE</attributeRef>
<attributeRef>2592D38F-87C4-2F6F-D44E-E99981C6F58C</attributeRef>
</usedAttributes>
</identifier>
</identifiers>
</Entity>