<?xml version = '1.0' encoding = 'UTF-8'?>
<Entity class="oracle.dbtools.crest.model.design.logical.Entity" directorySegmentName="seg_0" id="A1017960-7B13-67D3-ED1A-DB4320B8A85D" name="WARD">
<createdBy>deepa</createdBy>
<createdTime>2019-04-29 12:18:26 UTC</createdTime>
<ownerDesignName>mh_oraclemodel</ownerDesignName>
<engineerTo>
<item key="780818F7-05C7-D5A4-2847-E8895712CF35" value="true"/>
</engineerTo>
<adequatelyNormalized>NO</adequatelyNormalized>
<expectedVolumes>0</expectedVolumes>
<fwdEngineeringStrategyName>Single Table</fwdEngineeringStrategyName>
<growthPercent>0</growthPercent>
<growthType>Year</growthType>
<maxVolumes>9999999</maxVolumes>
<minVolumes>0</minVolumes>
<normalForm>Third</normalForm>
<attributes itemClass="oracle.dbtools.crest.model.design.logical.Attribute">
<Attribute name="ward_code" id="5B6AAECD-027E-96AC-4A96-2CF74936B838">
<createdBy>deepa</createdBy>
<createdTime>2019-04-29 13:59:04 UTC</createdTime>
<commentInRDBMS>Ward code - Primary key</commentInRDBMS>
<ownerDesignName>mh_oraclemodel</ownerDesignName>
<engineerTo>
<item key="780818F7-05C7-D5A4-2847-E8895712CF35" value="true"/>
</engineerTo>
<constraintName>ward_code check</constraintName>
<useDomainConstraints>false</useDomainConstraints>
<use>1</use>
<logicalDatatype>LOGDT019</logicalDatatype>
<dataTypePrecision>7</dataTypePrecision>
<checkConstraint>
<implementationDef dbType="Oracle Database 11g" definition="ward_code&gt;0"/>
</checkConstraint>
<ownDataTypeParameters>,7,</ownDataTypeParameters>
</Attribute>
<Attribute name="ward_name" id="21D47BD5-18CE-1436-E458-31586C0816C8">
<createdBy>deepa</createdBy>
<createdTime>2019-04-29 14:00:19 UTC</createdTime>
<commentInRDBMS>Name of ward</commentInRDBMS>
<ownerDesignName>mh_oraclemodel</ownerDesignName>
<engineerTo>
<item key="780818F7-05C7-D5A4-2847-E8895712CF35" value="true"/>
</engineerTo>
<useDomainConstraints>false</useDomainConstraints>
<use>1</use>
<logicalDatatype>LOGDT024</logicalDatatype>
<dataTypeSize>50</dataTypeSize>
<ownDataTypeParameters>50,,</ownDataTypeParameters>
</Attribute>
<Attribute name="total_bed_num" id="BD4869CD-B8ED-AC33-D934-4C5F5D27B6F3">
<createdBy>deepa</createdBy>
<createdTime>2019-04-29 14:00:58 UTC</createdTime>
<commentInRDBMS>Total number of beds</commentInRDBMS>
<ownerDesignName>mh_oraclemodel</ownerDesignName>
<engineerTo>
<item key="780818F7-05C7-D5A4-2847-E8895712CF35" value="true"/>
</engineerTo>
<useDomainConstraints>false</useDomainConstraints>
<use>1</use>
<logicalDatatype>LOGDT019</logicalDatatype>
<dataTypePrecision>10</dataTypePrecision>
<ownDataTypeParameters>,10,</ownDataTypeParameters>
</Attribute>
<Attribute name="available_beds" id="FCFB4899-73FD-1CC9-41B4-64CCA820CA33">
<createdBy>deepa</createdBy>
<createdTime>2019-04-29 14:02:04 UTC</createdTime>
<commentInRDBMS>Number of beds available</commentInRDBMS>
<ownerDesignName>mh_oraclemodel</ownerDesignName>
<engineerTo>
<item key="780818F7-05C7-D5A4-2847-E8895712CF35" value="true"/>
</engineerTo>
<useDomainConstraints>false</useDomainConstraints>
<use>1</use>
<logicalDatatype>LOGDT019</logicalDatatype>
<dataTypePrecision>10</dataTypePrecision>
<ownDataTypeParameters>,10,</ownDataTypeParameters>
</Attribute>
</attributes>
<identifiers itemClass="oracle.dbtools.crest.model.design.logical.CandidateKey">
<identifier id="8931ACE6-143F-9997-A272-550B5895B3C2" name="WARD PK">
<createdBy>deepa</createdBy>
<createdTime>2019-04-29 13:59:47 UTC</createdTime>
<ownerDesignName>mh_oraclemodel</ownerDesignName>
<engineerTo>
<item key="780818F7-05C7-D5A4-2847-E8895712CF35" value="true"/>
</engineerTo>
<pk>true</pk>
<usedAttributes>
<attributeRef>5B6AAECD-027E-96AC-4A96-2CF74936B838</attributeRef>
</usedAttributes>
</identifier>
</identifiers>
</Entity>