<?xml version = '1.0' encoding = 'UTF-8'?>
<Entity class="oracle.dbtools.crest.model.design.logical.Entity" directorySegmentName="seg_0" id="BB66E0D0-0700-CE1E-11F4-9B68419C8AE3" name="ADM">
<createdBy>deepa</createdBy>
<createdTime>2019-04-29 12:15:05 UTC</createdTime>
<ownerDesignName>mh_oraclemodel</ownerDesignName>
<engineerTo>
<item key="DE6E52BE-0524-CC5B-C846-597968A54AD7" value="true"/>
</engineerTo>
<adequatelyNormalized>NO</adequatelyNormalized>
<expectedVolumes>0</expectedVolumes>
<fwdEngineeringStrategyName>Single Table</fwdEngineeringStrategyName>
<growthPercent>0</growthPercent>
<growthType>Year</growthType>
<maxVolumes>9999999</maxVolumes>
<minVolumes>0</minVolumes>
<normalForm>Third</normalForm>
<attributes itemClass="oracle.dbtools.crest.model.design.logical.Attribute">
<Attribute name="adm_num" id="B8D56244-29BB-BE9B-016B-91981510B4DD">
<createdBy>deepa</createdBy>
<createdTime>2019-05-01 00:50:44 UTC</createdTime>
<commentInRDBMS>Admission number-Surrogate key for admission entity</commentInRDBMS>
<ownerDesignName>mh_oraclemodel</ownerDesignName>
<engineerTo>
<item key="DE6E52BE-0524-CC5B-C846-597968A54AD7" value="true"/>
</engineerTo>
<constraintName>admission_num check</constraintName>
<useDomainConstraints>false</useDomainConstraints>
<use>1</use>
<logicalDatatype>LOGDT019</logicalDatatype>
<dataTypePrecision>7</dataTypePrecision>
<checkConstraint>
<implementationDef dbType="Oracle Database 11g" definition="adm_num&gt;0"/>
</checkConstraint>
<ownDataTypeParameters>,7,</ownDataTypeParameters>
</Attribute>
<Attribute name="pat_id" id="5EC9EBE5-1D69-FD49-8BF4-57D7D28AF923">
<createdBy>deepa</createdBy>
<createdTime>2019-04-29 14:21:50 UTC</createdTime>
<commentInRDBMS>Patient ID - Primary key of PATIENT entity</commentInRDBMS>
<generatorID>1EC78DA0-A818-D77B-B14A-34C68008C22E</generatorID>
<ownerDesignName>mh_oraclemodel</ownerDesignName>
<engineerTo>
<item key="DE6E52BE-0524-CC5B-C846-597968A54AD7" value="true"/>
</engineerTo>
<referedAttribute>9E3D443A-B118-6800-4059-D4876728F286</referedAttribute>
<useDomainConstraints>false</useDomainConstraints>
<use>1</use>
<logicalDatatype>LOGDT019</logicalDatatype>
<dataTypePrecision>7</dataTypePrecision>
<ownDataTypeParameters>,7,</ownDataTypeParameters>
</Attribute>
<Attribute name="adm_date_time" id="F4534B05-4650-F48D-388F-D5F7C50AE3BA">
<createdBy>deepa</createdBy>
<createdTime>2019-04-29 14:51:36 UTC</createdTime>
<commentInRDBMS>Date and time of admission of a patient</commentInRDBMS>
<ownerDesignName>mh_oraclemodel</ownerDesignName>
<engineerTo>
<item key="DE6E52BE-0524-CC5B-C846-597968A54AD7" value="true"/>
</engineerTo>
<useDomainConstraints>false</useDomainConstraints>
<use>1</use>
<logicalDatatype>LOGDT007</logicalDatatype>
<ownDataTypeParameters>,,</ownDataTypeParameters>
</Attribute>
<Attribute name="discharge_date_time" id="5A787254-C8BB-4240-6EC0-A287DB7628F7">
<createdBy>deepa</createdBy>
<createdTime>2019-04-29 14:52:18 UTC</createdTime>
<commentInRDBMS>Date and time of discharge</commentInRDBMS>
<ownerDesignName>mh_oraclemodel</ownerDesignName>
<engineerTo>
<item key="DE6E52BE-0524-CC5B-C846-597968A54AD7" value="true"/>
</engineerTo>
<nullsAllowed>true</nullsAllowed>
<useDomainConstraints>false</useDomainConstraints>
<use>1</use>
<logicalDatatype>LOGDT007</logicalDatatype>
<ownDataTypeParameters>,,</ownDataTypeParameters>
</Attribute>
<Attribute name="supervising_doctor_id" id="85874905-C846-CD84-C48B-D8CDBB1A5455">
<createdBy>deepa</createdBy>
<createdTime>2019-04-29 14:36:31 UTC</createdTime>
<commentInRDBMS>Doctor ID - Primary key of DOCTOR entity</commentInRDBMS>
<generatorID>34BE37CA-3F74-E045-CCEE-8D5CC81AA2D2</generatorID>
<ownerDesignName>mh_oraclemodel</ownerDesignName>
<engineerTo>
<item key="DE6E52BE-0524-CC5B-C846-597968A54AD7" value="true"/>
</engineerTo>
<referedAttribute>DAC3E62E-A48D-8421-F39F-F8DA86699592</referedAttribute>
<useDomainConstraints>false</useDomainConstraints>
<use>1</use>
<logicalDatatype>LOGDT019</logicalDatatype>
<dataTypePrecision>7</dataTypePrecision>
<ownDataTypeParameters>,7,</ownDataTypeParameters>
</Attribute>
</attributes>
<identifiers itemClass="oracle.dbtools.crest.model.design.logical.CandidateKey">
<identifier id="DE0F1C76-8FF2-9A79-AFA9-A26A061A92CE" name="ADMISSION PK">
<createdBy>deepa</createdBy>
<createdTime>2019-04-29 14:20:40 UTC</createdTime>
<ownerDesignName>mh_oraclemodel</ownerDesignName>
<engineerTo>
<item key="DE6E52BE-0524-CC5B-C846-597968A54AD7" value="true"/>
</engineerTo>
<pk>true</pk>
<usedAttributes>
<attributeRef>B8D56244-29BB-BE9B-016B-91981510B4DD</attributeRef>
</usedAttributes>
</identifier>
<identifier id="17B71984-041C-9CAE-3CBF-5580CC7AB362" name="ADMISSION_NK">
<createdBy>deepa</createdBy>
<createdTime>2019-05-01 01:03:07 UTC</createdTime>
<ownerDesignName>mh_oraclemodel</ownerDesignName>
<engineerTo>
<item key="DE6E52BE-0524-CC5B-C846-597968A54AD7" value="true"/>
</engineerTo>
<newElementsIDs>1EC78DA0-A818-D77B-B14A-34C68008C22E,F4534B05-4650-F48D-388F-D5F7C50AE3BA</newElementsIDs>
<usedAttributes>
<attributeRef>5EC9EBE5-1D69-FD49-8BF4-57D7D28AF923</attributeRef>
<attributeRef>F4534B05-4650-F48D-388F-D5F7C50AE3BA</attributeRef>
</usedAttributes>
</identifier>
</identifiers>
</Entity>