<?xml version = '1.0' encoding = 'UTF-8'?>
<Entity class="oracle.dbtools.crest.model.design.logical.Entity" directorySegmentName="seg_0" id="D2B394F9-D45C-F77B-EAF5-297BE1AAB105" name="ITEM_REQ">
<createdBy>deepa</createdBy>
<createdTime>2019-04-29 12:16:14 UTC</createdTime>
<ownerDesignName>mh_oraclemodel</ownerDesignName>
<engineerTo>
<item key="62EBF2D9-17A1-E904-AAB0-CFD53237EE33" value="true"/>
</engineerTo>
<adequatelyNormalized>NO</adequatelyNormalized>
<expectedVolumes>0</expectedVolumes>
<fwdEngineeringStrategyName>Single Table</fwdEngineeringStrategyName>
<growthPercent>0</growthPercent>
<growthType>Year</growthType>
<maxVolumes>9999999</maxVolumes>
<minVolumes>0</minVolumes>
<normalForm>Third</normalForm>
<attributes itemClass="oracle.dbtools.crest.model.design.logical.Attribute">
<Attribute name="item_code" id="5256F4F7-4198-AC79-BF39-6F07E165A783">
<createdBy>deepa</createdBy>
<createdTime>2019-04-29 16:01:46 UTC</createdTime>
<commentInRDBMS>Item code - Primary key of ITEM entity</commentInRDBMS>
<generatorID>8044AE28-0955-AC84-80DC-453ECF9B7D96</generatorID>
<ownerDesignName>mh_oraclemodel</ownerDesignName>
<engineerTo>
<item key="62EBF2D9-17A1-E904-AAB0-CFD53237EE33" value="true"/>
</engineerTo>
<referedAttribute>75E39E49-CCAD-9730-3A60-F21E03600FBE</referedAttribute>
<useDomainConstraints>false</useDomainConstraints>
<use>1</use>
<logicalDatatype>LOGDT024</logicalDatatype>
<dataTypeSize>10</dataTypeSize>
<ownDataTypeParameters>,,</ownDataTypeParameters>
</Attribute>
<Attribute name="adm_pro_num" id="A342C68A-D443-5261-FF03-970CF107B529">
<createdBy>deepa</createdBy>
<createdTime>2019-05-01 01:52:14 UTC</createdTime>
<commentInRDBMS>Admission_Procedure_number-Surrogate key for adm-pro entity</commentInRDBMS>
<generatorID>2B61C81D-C867-6725-34E9-1EB7590A5388</generatorID>
<ownerDesignName>mh_oraclemodel</ownerDesignName>
<engineerTo>
<item key="62EBF2D9-17A1-E904-AAB0-CFD53237EE33" value="true"/>
</engineerTo>
<referedAttribute>D2E4B325-5A22-3F21-EA58-A64650DCC4F5</referedAttribute>
<useDomainConstraints>false</useDomainConstraints>
<use>1</use>
<logicalDatatype>LOGDT019</logicalDatatype>
<dataTypePrecision>7</dataTypePrecision>
<ownDataTypeParameters>,,</ownDataTypeParameters>
</Attribute>
<Attribute name="quantity" id="1548FF9A-0DAD-6F33-4AFA-75729FB73691">
<createdBy>deepa</createdBy>
<createdTime>2019-04-29 16:09:02 UTC</createdTime>
<commentInRDBMS>Quantity of item used</commentInRDBMS>
<ownerDesignName>mh_oraclemodel</ownerDesignName>
<engineerTo>
<item key="62EBF2D9-17A1-E904-AAB0-CFD53237EE33" value="true"/>
</engineerTo>
<nullsAllowed>true</nullsAllowed>
<useDomainConstraints>false</useDomainConstraints>
<use>1</use>
<logicalDatatype>LOGDT019</logicalDatatype>
<dataTypePrecision>10</dataTypePrecision>
<ownDataTypeParameters>,10,</ownDataTypeParameters>
</Attribute>
<Attribute name="total_item_charge" id="7C2194DE-FC59-0274-473F-16F330D15A05">
<createdBy>deepa</createdBy>
<createdTime>2019-04-29 16:09:44 UTC</createdTime>
<commentInRDBMS>Charge of each type of item used</commentInRDBMS>
<ownerDesignName>mh_oraclemodel</ownerDesignName>
<engineerTo>
<item key="62EBF2D9-17A1-E904-AAB0-CFD53237EE33" value="true"/>
</engineerTo>
<nullsAllowed>true</nullsAllowed>
<useDomainConstraints>false</useDomainConstraints>
<use>1</use>
<logicalDatatype>LOGDT019</logicalDatatype>
<dataTypePrecision>10</dataTypePrecision>
<dataTypeScale>2</dataTypeScale>
<ownDataTypeParameters>,10,2</ownDataTypeParameters>
</Attribute>
</attributes>
<identifiers itemClass="oracle.dbtools.crest.model.design.logical.CandidateKey">
<identifier id="B237AFE7-ACC4-997D-1DD1-57542660059F" name="ITEM-REQ PK">
<createdBy>deepa</createdBy>
<createdTime>2019-04-29 15:58:55 UTC</createdTime>
<ownerDesignName>mh_oraclemodel</ownerDesignName>
<engineerTo>
<item key="62EBF2D9-17A1-E904-AAB0-CFD53237EE33" value="true"/>
</engineerTo>
<pk>true</pk>
<usedAttributes>
<attributeRef>5256F4F7-4198-AC79-BF39-6F07E165A783</attributeRef>
<attributeRef>A342C68A-D443-5261-FF03-970CF107B529</attributeRef>
</usedAttributes>
</identifier>
</identifiers>
</Entity>