<?xml version = '1.0' encoding = 'UTF-8'?>
<Entity class="oracle.dbtools.crest.model.design.logical.Entity" directorySegmentName="seg_0" id="E6E15FF8-A928-1AD7-BDAB-5D811554CCEA" name="DOCTOR">
<createdBy>deepa</createdBy>
<createdTime>2019-04-29 12:15:20 UTC</createdTime>
<ownerDesignName>mh_oraclemodel</ownerDesignName>
<engineerTo>
<item key="780818F7-05C7-D5A4-2847-E8895712CF35" value="true"/>
</engineerTo>
<adequatelyNormalized>NO</adequatelyNormalized>
<expectedVolumes>0</expectedVolumes>
<fwdEngineeringStrategyName>Single Table</fwdEngineeringStrategyName>
<growthPercent>0</growthPercent>
<growthType>Year</growthType>
<maxVolumes>9999999</maxVolumes>
<minVolumes>0</minVolumes>
<normalForm>Third</normalForm>
<attributes itemClass="oracle.dbtools.crest.model.design.logical.Attribute">
<Attribute name="doctor_id" id="DAC3E62E-A48D-8421-F39F-F8DA86699592">
<createdBy>deepa</createdBy>
<createdTime>2019-04-29 12:45:50 UTC</createdTime>
<commentInRDBMS>Doctor ID - Primary key of DOCTOR entity</commentInRDBMS>
<ownerDesignName>mh_oraclemodel</ownerDesignName>
<engineerTo>
<item key="780818F7-05C7-D5A4-2847-E8895712CF35" value="true"/>
</engineerTo>
<constraintName>doctor_id check</constraintName>
<useDomainConstraints>false</useDomainConstraints>
<use>1</use>
<logicalDatatype>LOGDT019</logicalDatatype>
<dataTypePrecision>7</dataTypePrecision>
<checkConstraint>
<implementationDef dbType="Oracle Database 11g" definition="doctor_id&gt;0"/>
</checkConstraint>
<ownDataTypeParameters>,7,</ownDataTypeParameters>
</Attribute>
<Attribute name="doctor_first_name" id="547DF67B-BB9A-3675-69C4-D8DF8ED7064C">
<createdBy>deepa</createdBy>
<createdTime>2019-04-29 12:47:35 UTC</createdTime>
<commentInRDBMS>Doctor&apos;s first name</commentInRDBMS>
<ownerDesignName>mh_oraclemodel</ownerDesignName>
<engineerTo>
<item key="780818F7-05C7-D5A4-2847-E8895712CF35" value="true"/>
</engineerTo>
<useDomainConstraints>false</useDomainConstraints>
<use>1</use>
<logicalDatatype>LOGDT024</logicalDatatype>
<dataTypeSize>50</dataTypeSize>
<ownDataTypeParameters>50,,</ownDataTypeParameters>
</Attribute>
<Attribute name="doctor_last_name" id="A5F85349-9FA8-3613-6229-FAF90E555B9C">
<createdBy>deepa</createdBy>
<createdTime>2019-04-29 12:48:23 UTC</createdTime>
<commentInRDBMS>Doctor&apos;s last name</commentInRDBMS>
<ownerDesignName>mh_oraclemodel</ownerDesignName>
<engineerTo>
<item key="780818F7-05C7-D5A4-2847-E8895712CF35" value="true"/>
</engineerTo>
<useDomainConstraints>false</useDomainConstraints>
<use>1</use>
<logicalDatatype>LOGDT024</logicalDatatype>
<dataTypeSize>50</dataTypeSize>
<ownDataTypeParameters>50,,</ownDataTypeParameters>
</Attribute>
<Attribute name="doctor_phone_number" id="B14C1DFA-5B09-15D5-7E55-229754BE9E9B">
<createdBy>deepa</createdBy>
<createdTime>2019-04-29 12:48:56 UTC</createdTime>
<commentInRDBMS>Doctor&apos;s phone number</commentInRDBMS>
<ownerDesignName>mh_oraclemodel</ownerDesignName>
<engineerTo>
<item key="780818F7-05C7-D5A4-2847-E8895712CF35" value="true"/>
</engineerTo>
<useDomainConstraints>false</useDomainConstraints>
<use>1</use>
<logicalDatatype>LOGDT019</logicalDatatype>
<dataTypePrecision>12</dataTypePrecision>
<ownDataTypeParameters>,12,</ownDataTypeParameters>
</Attribute>
</attributes>
<identifiers itemClass="oracle.dbtools.crest.model.design.logical.CandidateKey">
<identifier id="A53696E5-561F-5355-C14B-45630277B0E8" name="DOCTOR PK">
<createdBy>deepa</createdBy>
<createdTime>2019-04-29 12:46:22 UTC</createdTime>
<ownerDesignName>mh_oraclemodel</ownerDesignName>
<engineerTo>
<item key="780818F7-05C7-D5A4-2847-E8895712CF35" value="true"/>
</engineerTo>
<pk>true</pk>
<usedAttributes>
<attributeRef>DAC3E62E-A48D-8421-F39F-F8DA86699592</attributeRef>
</usedAttributes>
</identifier>
</identifiers>
</Entity>