<?xml version = '1.0' encoding = 'UTF-8'?>
<Diagram class="oracle.dbtools.crest.swingui.relational.DPVRelational" name="Relational_1" id="234530AF-A5CC-2594-FCDD-01C1DEAF48D1">
<createdBy>deepa</createdBy>
<modifiedBy>deepa</modifiedBy>
<createdTime>2019-05-01 03:40:57 UTC</createdTime>
<autoRoute>false</autoRoute>
<boxInbox>true</boxInbox>
<showLegend>false</showLegend>
<showLabels>false</showLabels>
<showRelAttributes>false</showRelAttributes>
<gridEnabled>false</gridEnabled>
<showGrid>false</showGrid>
<diagramColor>-1</diagramColor>
<display>false</display>
<notation>1</notation>
<objectViews>
<OView class="oracle.dbtools.crest.swingui.relational.TVTable" oid="14C51E14-817D-B8F2-8549-2E8CF25CCCA1" otype="Table" vid="BD94F8BD-E883-D570-621F-528EEA7C3A18">
<hideElementsInCurrentOnly>false</hideElementsInCurrentOnly>
<bounds x="27" y="363" width="200" height="60"/>
</OView>
<OView class="oracle.dbtools.crest.swingui.relational.TVTable" oid="1A8990F5-E544-F3CC-D148-A67F8E433C19" otype="Table" vid="0AED1489-B27A-E828-3D05-B38103012EB1">
<hideElementsInCurrentOnly>false</hideElementsInCurrentOnly>
<bounds x="272" y="922" width="226" height="88"/>
</OView>
<OView class="oracle.dbtools.crest.swingui.relational.TVTable" oid="41B40529-0946-2628-2F29-EA927F36671E" otype="Table" vid="FEC28D78-BEF0-768F-8C03-5A58B481AA1A">
<hideElementsInCurrentOnly>false</hideElementsInCurrentOnly>
<bounds x="880" y="415" width="225" height="122"/>
</OView>
<OView class="oracle.dbtools.crest.swingui.relational.TVTable" oid="75A68F3B-CCEF-CC79-5252-886F37D2EED1" otype="Table" vid="362D4A0F-CD30-684F-6739-D328EC5F0D29">
<hideElementsInCurrentOnly>false</hideElementsInCurrentOnly>
<bounds x="344" y="258" width="343" height="234"/>
</OView>
<OView class="oracle.dbtools.crest.swingui.relational.TVTable" oid="7BE30686-E3B8-65FD-6E58-94EAE0821033" otype="Table" vid="D49F16FD-44D0-69E0-E1ED-202CD1BB36B7">
<hideElementsInCurrentOnly>false</hideElementsInCurrentOnly>
<bounds x="817" y="250" width="315" height="136"/>
</OView>
<OView class="oracle.dbtools.crest.swingui.relational.TVTable" oid="8C02A13A-52DC-5BC3-A3EC-97306C4058B5" otype="Table" vid="909AF797-A623-7BCB-D322-40EF03420ED5">
<hideElementsInCurrentOnly>false</hideElementsInCurrentOnly>
<bounds x="253" y="736" width="257" height="136"/>
</OView>
<OView class="oracle.dbtools.crest.swingui.relational.TVTable" oid="90C928D1-E470-8DE0-8F31-E3AE790B9E35" otype="Table" vid="CA732546-195B-337D-0CC9-016C214F05A1">
<hideElementsInCurrentOnly>false</hideElementsInCurrentOnly>
<bounds x="1083" y="48" width="257" height="130"/>
</OView>
<OView class="oracle.dbtools.crest.swingui.relational.TVTable" oid="9AF5887B-22EB-4230-7E13-A7016966D724" otype="Table" vid="4A1AD971-8FF3-FD05-2BEF-F2A7294E1F86">
<hideElementsInCurrentOnly>false</hideElementsInCurrentOnly>
<bounds x="589" y="553" width="241" height="102"/>
</OView>
<OView class="oracle.dbtools.crest.swingui.relational.TVTable" oid="A39D8721-DAA0-66DB-09D3-E10AD8501BE8" otype="Table" vid="566F1A5A-C1BF-15F5-2336-063EA700716C">
<hideElementsInCurrentOnly>false</hideElementsInCurrentOnly>
<bounds x="959" y="736" width="281" height="136"/>
</OView>
<OView class="oracle.dbtools.crest.swingui.relational.TVTable" oid="AD3B8722-DC49-1896-88DF-6BF9665B7EFE" otype="Table" vid="BDB312AD-AC4D-0F76-8602-D241B453CE14">
<hideElementsInCurrentOnly>false</hideElementsInCurrentOnly>
<bounds x="26" y="205" width="236" height="108"/>
</OView>
<OView class="oracle.dbtools.crest.swingui.relational.TVTable" oid="AE0C0EAB-F71A-67D2-D0A5-6E287ACA62D7" otype="Table" vid="9D47875D-7509-EEDF-7F12-D40CBD351725">
<hideElementsInCurrentOnly>false</hideElementsInCurrentOnly>
<bounds x="1018" y="900" width="209" height="116"/>
</OView>
<OView class="oracle.dbtools.crest.swingui.relational.TVTable" oid="AEE64A7C-65C7-CCA5-9FC5-1E9D223B9DBF" otype="Table" vid="D087DF09-93E7-D9D2-5AC5-EC84B11211BD">
<hideElementsInCurrentOnly>false</hideElementsInCurrentOnly>
<bounds x="199" y="34" width="243" height="102"/>
</OView>
<OView class="oracle.dbtools.crest.swingui.relational.TVTable" oid="B15488C2-FB89-B6E4-B7D4-0A950B5205A5" otype="Table" vid="A7D1C323-6FEE-FF08-FA9F-2011E94D86D6">
<hideElementsInCurrentOnly>false</hideElementsInCurrentOnly>
<bounds x="576" y="46" width="315" height="164"/>
</OView>
<OView class="oracle.dbtools.crest.swingui.relational.TVTable" oid="DA4B9FAB-72D5-2967-0418-884479B222DE" otype="Table" vid="78A22691-0D06-BCBD-8D37-491E5E6DC803">
<hideElementsInCurrentOnly>false</hideElementsInCurrentOnly>
<bounds x="940" y="575" width="207" height="102"/>
</OView>
<OView class="oracle.dbtools.crest.swingui.relational.TVTable" oid="EFBFABE3-A0F2-F8C6-6832-2822042236A4" otype="Table" vid="84FD3BED-33CF-E56E-8D56-F095F60D1EE9">
<hideElementsInCurrentOnly>false</hideElementsInCurrentOnly>
<bounds x="252" y="545" width="244" height="136"/>
</OView>
</objectViews>
<connectors>
<Connector class="oracle.dbtools.crest.swingui.relational.TVFKRelation" oid="06EE1442-8E6B-0AF9-36AA-F4712D00AD2F" otype="FKIndexAssociation" vid_source="D087DF09-93E7-D9D2-5AC5-EC84B11211BD" vid_target="362D4A0F-CD30-684F-6739-D328EC5F0D29">
<hideElementsInCurrentOnly>false</hideElementsInCurrentOnly>
<backgroundColor>-16777216</backgroundColor>
<lineWidth>1</lineWidth>
<points>
<point x="408" y="136"/>
<point x="408" y="258"/>
</points>
</Connector>
<Connector class="oracle.dbtools.crest.swingui.relational.TVFKRelation" oid="0CBA388E-E5E3-E69E-008C-3A71B3FD3048" otype="FKIndexAssociation" vid_source="78A22691-0D06-BCBD-8D37-491E5E6DC803" vid_target="FEC28D78-BEF0-768F-8C03-5A58B481AA1A">
<hideElementsInCurrentOnly>false</hideElementsInCurrentOnly>
<backgroundColor>-16777216</backgroundColor>
<lineWidth>1</lineWidth>
<points>
<point x="1022" y="575"/>
<point x="1022" y="537"/>
</points>
</Connector>
<Connector class="oracle.dbtools.crest.swingui.relational.TVFKRelation" oid="1FE7491B-A49B-E48D-6026-EC104C933CDF" otype="FKIndexAssociation" vid_source="BD94F8BD-E883-D570-621F-528EEA7C3A18" vid_target="BDB312AD-AC4D-0F76-8602-D241B453CE14">
<hideElementsInCurrentOnly>false</hideElementsInCurrentOnly>
<backgroundColor>-16777216</backgroundColor>
<lineWidth>1</lineWidth>
<points>
<point x="127" y="363"/>
<point x="127" y="313"/>
</points>
</Connector>
<Connector class="oracle.dbtools.crest.swingui.relational.TVFKRelation" oid="696C5AA6-4252-47C7-A5B8-6982A47AB475" otype="FKIndexAssociation" vid_source="362D4A0F-CD30-684F-6739-D328EC5F0D29" vid_target="84FD3BED-33CF-E56E-8D56-F095F60D1EE9">
<hideElementsInCurrentOnly>false</hideElementsInCurrentOnly>
<backgroundColor>-16777216</backgroundColor>
<lineWidth>1</lineWidth>
<points>
<point x="420" y="492"/>
<point x="420" y="545"/>
</points>
</Connector>
<Connector class="oracle.dbtools.crest.swingui.relational.TVFKRelation" oid="71BBB5C1-038F-4833-506E-12B1D083A6E0" otype="FKIndexAssociation" vid_source="FEC28D78-BEF0-768F-8C03-5A58B481AA1A" vid_target="D49F16FD-44D0-69E0-E1ED-202CD1BB36B7">
<hideElementsInCurrentOnly>false</hideElementsInCurrentOnly>
<backgroundColor>-16777216</backgroundColor>
<lineWidth>1</lineWidth>
<points>
<point x="992" y="415"/>
<point x="992" y="386"/>
</points>
</Connector>
<Connector class="oracle.dbtools.crest.swingui.relational.TVFKRelation" oid="7B5E1B19-9CD9-3977-957C-073B71D9D1AF" otype="FKIndexAssociation" vid_source="0AED1489-B27A-E828-3D05-B38103012EB1" vid_target="909AF797-A623-7BCB-D322-40EF03420ED5">
<hideElementsInCurrentOnly>false</hideElementsInCurrentOnly>
<backgroundColor>-16777216</backgroundColor>
<lineWidth>1</lineWidth>
<points>
<point x="385" y="922"/>
<point x="385" y="872"/>
</points>
</Connector>
<Connector class="oracle.dbtools.crest.swingui.relational.TVFKRelation" oid="8CDBB089-732F-594F-DEA7-2404719C37B6" otype="FKIndexAssociation" vid_source="D087DF09-93E7-D9D2-5AC5-EC84B11211BD" vid_target="A7D1C323-6FEE-FF08-FA9F-2011E94D86D6">
<hideElementsInCurrentOnly>false</hideElementsInCurrentOnly>
<backgroundColor>-16777216</backgroundColor>
<lineWidth>1</lineWidth>
<points>
<point x="442" y="91"/>
<point x="576" y="91"/>
</points>
</Connector>
<Connector class="oracle.dbtools.crest.swingui.relational.TVFKRelation" oid="927F1A63-BE4F-70AC-4B8E-420C8412A377" otype="FKIndexAssociation" vid_source="4A1AD971-8FF3-FD05-2BEF-F2A7294E1F86" vid_target="362D4A0F-CD30-684F-6739-D328EC5F0D29">
<hideElementsInCurrentOnly>false</hideElementsInCurrentOnly>
<backgroundColor>-16777216</backgroundColor>
<lineWidth>1</lineWidth>
<points>
<point x="638" y="553"/>
<point x="638" y="492"/>
</points>
</Connector>
<Connector class="oracle.dbtools.crest.swingui.relational.TVFKRelation" oid="A873231A-C926-F695-9414-BD83A6EEC1C2" otype="FKIndexAssociation" vid_source="D087DF09-93E7-D9D2-5AC5-EC84B11211BD" vid_target="362D4A0F-CD30-684F-6739-D328EC5F0D29">
<hideElementsInCurrentOnly>false</hideElementsInCurrentOnly>
<backgroundColor>-16777216</backgroundColor>
<lineWidth>1</lineWidth>
<points>
<point x="393" y="136"/>
<point x="393" y="258"/>
</points>
</Connector>
<Connector class="oracle.dbtools.crest.swingui.relational.TVFKRelation" oid="A8A0AFB5-1A99-EAB0-83F9-D55869830F2B" otype="FKIndexAssociation" vid_source="909AF797-A623-7BCB-D322-40EF03420ED5" vid_target="84FD3BED-33CF-E56E-8D56-F095F60D1EE9">
<hideElementsInCurrentOnly>false</hideElementsInCurrentOnly>
<backgroundColor>-16777216</backgroundColor>
<lineWidth>1</lineWidth>
<points>
<point x="374" y="736"/>
<point x="374" y="681"/>
</points>
</Connector>
<Connector class="oracle.dbtools.crest.swingui.relational.TVFKRelation" oid="AB43C3CC-BB74-17B6-575D-EE9F4756048B" otype="FKIndexAssociation" vid_source="A7D1C323-6FEE-FF08-FA9F-2011E94D86D6" vid_target="D49F16FD-44D0-69E0-E1ED-202CD1BB36B7">
<hideElementsInCurrentOnly>false</hideElementsInCurrentOnly>
<backgroundColor>-16777216</backgroundColor>
<lineWidth>1</lineWidth>
<points>
<point x="854" y="210"/>
<point x="854" y="250"/>
</points>
</Connector>
<Connector class="oracle.dbtools.crest.swingui.relational.TVFKRelation" oid="B5B44A38-018C-DC53-10E7-38203187EA6F" otype="FKIndexAssociation" vid_source="78A22691-0D06-BCBD-8D37-491E5E6DC803" vid_target="566F1A5A-C1BF-15F5-2336-063EA700716C">
<hideElementsInCurrentOnly>false</hideElementsInCurrentOnly>
<backgroundColor>-16777216</backgroundColor>
<lineWidth>1</lineWidth>
<points>
<point x="1053" y="677"/>
<point x="1053" y="736"/>
</points>
</Connector>
<Connector class="oracle.dbtools.crest.swingui.relational.TVFKRelation" oid="BF67A8E9-1341-9E12-EA3B-8AD116B4AF16" otype="FKIndexAssociation" vid_source="CA732546-195B-337D-0CC9-016C214F05A1" vid_target="A7D1C323-6FEE-FF08-FA9F-2011E94D86D6">
<hideElementsInCurrentOnly>false</hideElementsInCurrentOnly>
<backgroundColor>-16777216</backgroundColor>
<lineWidth>1</lineWidth>
<points>
<point x="1083" y="113"/>
<point x="891" y="113"/>
</points>
</Connector>
<Connector class="oracle.dbtools.crest.swingui.relational.TVFKRelation" oid="CC48DB31-DDF2-CC22-4C02-6B73FFC039D5" otype="FKIndexAssociation" vid_source="A7D1C323-6FEE-FF08-FA9F-2011E94D86D6" vid_target="362D4A0F-CD30-684F-6739-D328EC5F0D29">
<hideElementsInCurrentOnly>false</hideElementsInCurrentOnly>
<backgroundColor>-16777216</backgroundColor>
<lineWidth>1</lineWidth>
<points>
<point x="631" y="210"/>
<point x="631" y="258"/>
</points>
</Connector>
<Connector class="oracle.dbtools.crest.swingui.relational.TVFKRelation" oid="D5E8D5C6-663E-1647-4633-ABB50BE95A56" otype="FKIndexAssociation" vid_source="D087DF09-93E7-D9D2-5AC5-EC84B11211BD" vid_target="BDB312AD-AC4D-0F76-8602-D241B453CE14">
<hideElementsInCurrentOnly>false</hideElementsInCurrentOnly>
<backgroundColor>-16777216</backgroundColor>
<lineWidth>1</lineWidth>
<points>
<point x="230" y="136"/>
<point x="230" y="205"/>
</points>
</Connector>
<Connector class="oracle.dbtools.crest.swingui.relational.TVFKRelation" oid="E9B10BB9-8D13-B5BB-9341-1E517ED3F527" otype="FKIndexAssociation" vid_source="9D47875D-7509-EEDF-7F12-D40CBD351725" vid_target="566F1A5A-C1BF-15F5-2336-063EA700716C">
<hideElementsInCurrentOnly>false</hideElementsInCurrentOnly>
<backgroundColor>-16777216</backgroundColor>
<lineWidth>1</lineWidth>
<points>
<point x="1122" y="900"/>
<point x="1122" y="872"/>
</points>
</Connector>
</connectors>
</Diagram>